"Espacenet";"";"";"";"";"";"";"";"";
"Recherche de brevets";"";"";"";"";"";"";"";"";
"1 résultat trouvé pour plastic recycling AND traceability";"";"";"";"";"";"";"";"";
"Résultats affichés : 1 à 500";"";"";"";"";"";"";"";"";
"Langue de la requête: en / de / fr";"";"";"";"";"";"";"";"";
"Trier par: Pertinence";"";"";"";"";"";"";"";"";
"";"";"";"";"";"";"";"";"";
"No";"Titre";"Inventeurs";"Demandeurs";"Numéro de publication";"Priorité la plus ancienne";"CIB";"CPC";"Date de publication";"Publication la plus ancienne";"Numéro de famille";
"1";"RECYCLING TRACEABILITY SYSTEM";"OYAMA TAKASHI 
KIMURA SHIGEYOSHI";"WORLD LINK INC";"JP2023033777A";"2021-08-30";"B29B17/02 
C08J11/10 
C08J11/12";"Y02W30/62 (EP)";"2023-03-13";"2023-03-13";"085504960";
"2";"Method and device for modifying and recycling waste plastics";"WU YANG 
BAO DONGDONG 
SUN WEIMIN 
LE LE 
PENG YAN 
TANG YILONG 
ZHANG TONGQING 
YANG XIAOBO 
CHEN HAIJIE";"SHENZHEN LUHUAN RESOURCES RECYCLING DEV LTD";"CN120134496A";"2025-04-01";"B29B17/00 
B29B17/02 
C08G65/48 
C08G75/0286";"B29B17/00 (CN) 
B29B17/02 (CN) 
C08G65/48 (CN) 
C08G75/0286 (CN) 
B29B2017/0015 (CN) 
B29B2017/0262 (CN) 
B29B2017/0272 (CN) 
Y02W30/62 (EP)";"2025-06-13";"2025-06-13";"095952419";
"3";"Daily washing and packaging modular recycling and reclaimed material grading utilization system and method";"ZHAO HONGZE 
PENG JIAPIN 
SHAO TIANZHI 
CHEN HUIHUA";"GUANGZHOU LIYING PLASTIC CO LTD";"CN121870963A";"2025-12-24";"B29B17/00 
B29B17/02 
B29B17/04 
G06Q10/30 
G06Q30/018 
G06Q30/0202";"B29B17/00 (CN) 
B29B17/02 (CN) 
B29B17/04 (CN) 
G06Q10/30 (CN) 
G06Q30/018 (CN) 
G06Q30/0206 (CN) 
B29B2017/001 (CN) 
B29B2017/0015 (CN) 
B29B2017/0203 (CN)";"2026-04-17";"2026-04-17";"099406389";
"4";"Post-consumption plastic recovery tracing system and tracing method thereof";"LU MANCHENG";"ZHAOQING TEPUAI HIGH POLYMER MAT CO LTD";"CN121235716A 
CN121235716B";"2025-09-28";"B31B70/74 
B65C9/02 
G06F16/901 
G06F16/9038 
G06F16/907 
G06K17/00 
G06K19/06 
G06Q10/20 
G06Q30/018";"";"2025-12-30 
2026-04-14";"2025-12-30";"098160762";
"5";"Modular display structure based on tool-free disassembly and material traceability and disassembly method thereof";"MA WENMING 
SUN YEZHI 
DONG LEI 
WANG LIXIN 
LI XUDONG 
LIU WENBIN 
ZHU RUIQI 
MENG XIANGKAI";"SHANDONG INSPUR CHAOGAOQING INTELLIGENT TECH CO LTD";"CN120375708A";"2025-04-09";"B09B3/70 
B09B5/00 
G06F16/25 
G06Q10/30 
G09F9/30 
H05K1/02 
H05K5/02 
H05K7/14 
B09B101/15";"B09B3/70 (CN) 
B09B5/00 (CN) 
G06F16/25 (CN) 
G06Q10/30 (CN) 
G09F9/30 (CN) 
H05K1/0203 (CN) 
H05K5/0217 (CN) 
H05K7/1401 (CN) 
B09B2101/15 (CN)";"2025-07-25";"2025-07-25";"096452496";
"6";"On-cart recycling data collection system";"LANGDON LORNA LOUISE [GB]";"LANGDON LORNA LOUISE [GB]";"GB2416612A";"2004-07-22";"B65F1/00 
B65F1/14 
B65F3/00 
G06K7/08";"B65F1/0033 (EP) 
B65F1/1484 (EP) 
B65F3/005 (EP) 
B65F2210/164 (EP) 
B65F2210/184 (EP) 
Y02W30/10 (EP)";"2006-02-01";"2006-02-01";"032922606";
"7";"Recycled plastic anti-counterfeiting traceability code generation equipment and verification equipment";"CHEN LONG 
LYU HUAIXING 
NIU YUANHANG 
DONG LIPENG 
LONG BANGBO 
LIU YUQING 
HE XIN";"JIANGXI GREEN CYCLE IND CO LTD 
HENAN GREEN CYCLE ELECTRONIC WASTE DISPOSAL CO LTD";"CN219246099U";"2022-10-27";"G06F21/64 
G06Q30/018";"";"2023-06-23";"2023-06-23";"086806384";
"8";"High-precision short-wave infrared hyperspectral imaging soil plastic in-situ detection method and device";"HE SAILING 
ZHU HE 
LUO JING";"UNIV ZHEJIANG";"CN120451842A 
CN120451842B";"2025-07-09";"G06N3/045 
G06N3/0464 
G06V10/26 
G06V10/764 
G06V10/80 
G06V10/82 
G06V20/10 
G06V20/17";"";"2025-08-08 
2025-10-10";"2025-08-08";"096606214";
"9";"Recyclable plastic tracing system based on block chain";"LIU YUE 
ZHONG RONGDONG 
LI TONGBING";"GUANGDONG ATP POLYMER TECH CO LTD";"CN117391720A 
CN117391720B";"2023-08-31";"G06F16/215 
G06F16/27 
G06F21/64 
G06K19/06 
G06K19/077 
G06Q10/10 
G06Q10/30 
G06Q30/018 
G06Q50/26 
H04L67/104 
H04L67/1097";"G06F16/215 (CN) 
G06F16/27 (CN) 
G06F21/64 (CN) 
G06K19/06018 (CN) 
G06K19/06037 (CN) 
G06K19/07758 (CN) 
G06Q10/103 (CN) 
G06Q10/30 (CN) 
G06Q30/0185 (CN) 
G06Q50/26 (CN) 
H04L67/104 (CN) 
H04L67/1097 (CN)";"2024-01-12 
2024-05-03";"2024-01-12";"089462450";
"10";"Plastic supply chain tracing system and method based on block chain technology";"XIE YUHUI 
TONG DASHAN 
KONG DEYANG 
LI YONGMEI";"GUANGZHOU SOULIAO INFORMATION TECH CO LTD";"CN117853016A";"2024-01-17";"G06Q10/087 
G06Q10/30 
G06Q30/0201 
G06Q50/04 
H04L9/00";"G06Q10/087 (CN) 
G06Q10/30 (CN) 
G06Q30/0201 (CN) 
G06Q50/04 (CN) 
H04L9/50 (CN)";"2024-04-09";"2024-04-09";"090536039";
"11";"Industrial department micro-plastic emission tracing method based on mixed life cycle";"ZHANG TONGWEI 
XIA LINLIN 
CAI YANPENG";"UNIV GUANGDONG TECHNOLOGY";"CN116090699A";"2023-01-10";"G06Q10/063 
G06Q50/04 
G06Q50/26";"G06Q10/063 (CN) 
G06Q50/04 (CN) 
G06Q50/26 (CN) 
Y02P90/30 (EP)";"2023-05-09";"2023-05-09";"086211609";
"12";"Article recycling traceability system";"XIE ZHONGBO 
CHENG HONGSHAN 
SHUI LI";"YOONOF TECH DEVELOPMENT GUANGDONG CO LTD 
SICHUAN KCOMBER TECH CO LTD";"CN113537521A";"2021-07-01";"G06K19/06 
G06Q10/00 
G06Q10/08";"G06K19/06037 (CN) 
G06Q10/083 (CN) 
G06Q10/087 (CN) 
G06Q10/30 (CN) 
Y02W90/00 (EP)";"2021-10-22";"2021-10-22";"078126570";
"13";"SYSTEM AND METHOD OF TRACEABILITY OF RECYCLABLE OR REUSABLE PRODUCTS (Machine-translation by Google Translate, not legally binding)";"GOMAR MICÓ RODRIGO";"SOLUCIONES ENERGETICAS LEVANTE S L U [ES]";"ES3010150A1";"2023-09-29";"B65D23/00 
B65D25/00 
G06Q10/30";"B65D23/00 (ES) 
B65D25/00 (ES) 
G06Q10/30 (ES)";"2025-04-01";"2025-04-01";"095154798";
"14";"Plastic classifying, sorting and recycling device";"YUAN LINYAN 
JIN JIACHENG 
LI HAIYAN";"SHANGHAI INSTITUTE OF QUALITY INSPECTION AND TECHNICAL RES";"CN217777467U";"2022-08-09";"B29B17/02";"Y02W30/62 (EP)";"2022-11-11";"2022-11-11";"083943134";
"15";"Carbon emission tracking method and device for regenerated plastic product";"FENG BIN 
SUN JING 
HUANG YUKE";"GUANGDONG TRACTIVE INFORMATION TECH CO LTD";"CN117236968A";"2023-07-28";"G06F16/25 
G06Q30/018 
G06Q50/26";"";"2023-12-15";"2023-12-15";"089088671";
"16";"Processing method and system for plastic recovery and electronic equipment";"XIONG LULU 
WU YALIN 
YANG LANLAN";"SHANGHAI DAJUE PACKAGING PRODUCTS CO LTD";"CN119283241A";"2024-11-19";"B29B17/02";"B29B17/02 (CN) 
B29B2017/0244 (CN) 
B29B2017/0279 (CN)";"2025-01-10";"2025-01-10";"094155803";
"17";"Intelligent garbage classification and recycling system";"TANG JUN 
ZHANG LIN 
SONG YIBIAO 
YANG LU 
LI ZHIQUAN";"XIAOHUANGGOU ENVIRONMENTAL PROTECTION TECH CO LTD";"CN109969639A";"2019-03-28";"B65F1/00 
B65F1/14 
G06Q20/14 
G07F7/06";"B65F1/0053 (CN) 
B65F1/14 (CN) 
G06Q20/145 (CN) 
G07F7/0609 (CN) 
B65F2210/128 (CN) 
B65F2210/165 (CN) 
B65F2210/176 (CN) 
Y02W30/10 (EP)";"2019-07-05";"2019-07-05";"067081054";
"18";"RENEWABLE MATERIAL TRACEABILITY SYSTEM AND RENEWABLE MATERIAL TRACEABILITY METHOD";"OHORI TOSHIKI [JP] 
SOGA SHUJI [JP]";"HITACHI LTD [JP]";"US20260065293A1";"2024-08-28";"G06Q10/30 
G06Q30/018";"G06Q10/06 (EP) 
G06Q10/08 (EP) 
G06Q10/20 (EP) 
G06Q10/30 (EP,US) 
G06Q30/018 (EP,US) 
G06Q50/04 (EP) 
Y02P90/30 (EP)";"2026-03-05";"2026-03-04";"096014518";
"19";"Waste plastic recycling processing method";"FENG ZHIPING";"GUANGZHOU ZHISHUN TECH CO LTD";"CN109203295A 
CN109203295B";"2018-08-23";"B29B17/00";"B29B17/00 (CN) 
B29B2017/0089 (CN) 
Y02W30/62 (EP)";"2019-01-15 
2021-04-02";"2019-01-15";"064989703";
"20";"Cigarette recycling plastic box";"LI QIAN 
LI XIAN 
CHENG LIANG 
LYU XIANZHOU 
OUYANG ZHE 
LIU RONG";"HONGYUN HONGHE TOBACCO GROUP";"CN214826182U";"2021-04-30";"B65F1/00 
B65F1/14";"";"2021-11-23";"2021-11-23";"078771954";
"21";"Drying device for recycling and processing plastic particles";"XUE JUNFENG 
LI FUCUN 
XUE JUNXIA";"RIZHAO JINLIDA PLASTIC CO LTD";"CN119217583A";"2024-09-06";"B29B17/00 
B29B17/02 
F26B21/00 
F26B25/04";"B29B17/00 (CN) 
B29B17/02 (CN) 
F26B21/001 (CN) 
F26B25/04 (CN) 
B29B2017/001 (CN) 
B29B2017/0224 (CN) 
Y02W30/62 (EP)";"2024-12-31";"2024-12-31";"094045689";
"22";"Closed-loop film recycling method and process based on GRS authentication";"DING AIRU 
LIU ZHANGJUN 
HE LINGYUN 
CHEN BAOHUI";"SHENZHEN ASIATEK TECH CO LTD";"CN121005882A";"2025-09-22";"C08G63/91 
C08J11/06 
C08J5/18 
C08L67/02";"C08G63/916 (CN) 
C08J11/06 (CN) 
C08J5/18 (CN) 
C08J2367/02 (CN) 
Y02W30/62 (EP)";"2025-11-25";"2025-11-25";"097732126";
"23";"Automated system for in-field storage, traceability and unloading of harvest products of harvested material from a harvesting machine";"PICKETT TERENCE D [US] 
FAIVRE STEPHEN M [US]";"DEERE & CO [US]";"US2008072546A1 
US7434375B2";"2006-09-22";"B65B9/00 
B65B25/02 
B65B9/13";"A01D41/12 (EP,US) 
A01D91/04 (EP,US) 
A01F25/14 (EP,US) 
A01F2025/145 (EP,US)";"2008-03-27 
2008-10-14";"2008-03-22";"038702057";
"24";"DISPOSITIF DE TRAITEMENT D'INFORMATIONS, PROCÉDÉ DE TRAITEMENT D'INFORMATIONS ET PROGRAMME DE TRAITEMENT D'INFORMATIONS";"IKEGAMI TAKESHI [JP] 
YAGI AKIKO [JP] 
ITO KEN [JP] 
SHINDO KAZUHIRO [JP]";"UNICHARM CORP [JP]";"WO2023162604A1";"2022-02-24";"G06Q10/30 
G06Q50/10";"G06Q10/30 (EP) 
G06Q50/10 (EP)";"2023-08-31";"2023-06-09";"086646786";
"25";"Real-time monitoring method for intelligent sorting system";"QUAN WEN 
YANG XIAOLIN 
LUO HONGTAI 
LIANG LONGYI";"GUANGXI SHENGHE RESOURCES RECYCLING TECH CO LTD";"CN121707494A";"2025-12-11";"G05B19/05 
G06Q10/0639 
G06Q10/10 
G06Q10/30 
G06V20/52";"";"2026-03-20";"2026-03-20";"099076183";
"26";"Method and apparatus for tracking plastic waste using data management";"BAO DONGDONG 
WU YANG 
SUN WEIMIN 
LE LE 
PENG YAN 
TANG YILONG 
ZHANG TONGQING 
YANG XIAOBO 
CHEN HAIJIE";"SHENZHEN LUHUAN RESOURCES RECYCLING DEV LTD";"CN119831579A";"2025-02-18";"G06K17/00 
G06Q10/30 
G06T17/00";"";"2025-04-15";"2025-04-15";"095302903";
"27";"Food contact material product quality standard traceability system and method";"WANG JIAQI 
DING HUAPING 
LUO JING 
HUANG CHENLIN 
WU QIMING 
YANG QIANRU";"SHANGHAI CUSTOMS MECHANICAL AND ELECTRICAL PRODUCT TESTING TECH CENTER";"CN121937140A";"2026-01-20";"G06Q30/018 
G06Q50/04 
G06Q50/26";"G06Q30/018 (CN) 
G06Q50/04 (CN) 
G06Q50/26 (CN)";"2026-04-28";"2026-04-28";"099523352";
"28";"Tobacco leaf packaging logistics method";"";"GANZHOU CHENYANG PAPER PRODUCTS CO LTD";"CN121871993A";"2025-12-31";"A24B15/20 
A24B3/10 
A24B7/00 
B65B61/26 
B65G1/04 
B65G1/137 
G06K7/10 
G06Q10/0833";"A24B15/20 (CN) 
A24B3/10 (CN) 
A24B7/00 (CN) 
B65B61/26 (CN) 
B65G1/04 (CN) 
B65G1/1373 (CN) 
G06K7/10861 (CN) 
G06Q10/0833 (CN)";"2026-04-17";"2026-04-17";"099401237";
"29";"CARTRIDGE FOR RECYCLING MEDICAL WASTE, WASTE CONTAINER AND METHOD FOR COMPACTING AND STERILISING SAID WASTE";"DUENAS SANCHEZ SILVERIO [ES]";"DUENAS SANCHEZ SILVERIO [ES] 
SARAITO S L [ES]";"US2013232917A1";"2010-10-28";"A61L11/00 
A61L2/07 
B09B3/00";"A61B50/362 (EP,US) 
A61L11/00 (EP,US) 
A61L2/07 (EP,US) 
B09B3/32 (EP,US) 
B09B2101/65 (EP,US)";"2013-09-12";"2012-05-03";"045993194";
"30";"Degradable plastic quality release and demolding residue traceability management method";"MAO YANHONG";"ANHUI YONGHE ECOLOGICAL ENVIRONMENT TECH CO LTD";"CN121437016A";"2025-11-05";"G01N21/33 
G06K19/06 
G06Q30/018";"";"2026-01-30";"2026-01-30";"098541747";
"31";"One-object one-code traceability management packaging box based on variable printing technology";"LIU CHANGHUA";"ZHEJIANG HUAHAO PRINTING CO LTD";"CN119429373A";"2024-11-07";"B65D25/00 
G06K17/00 
G06Q30/018";"B65D25/00 (CN) 
G06K17/0025 (CN) 
G06Q30/018 (CN)";"2025-02-14";"2025-02-14";"094512732";
"32";"Application of fluorescent molecular switch in tracing of regenerated plastic";"LI ZHIZE 
JIANG WEINAN 
WANG ZIYI 
ZHAO ERQI 
ZHU HUIMIN 
WANG ZHAOYU";"CHANGCHUN AUTOMOTIVE TEST CENTER CO LTD";"CN121633031A";"2025-11-13";"C08J3/22 
C08K5/3415 
C08K5/3437 
C08L23/06 
C08L23/12 
C08L27/06 
C08L67/02 
C09K11/06 
G01N21/64";"C08J3/226 (CN) 
C09K11/06 (CN) 
G01N21/6402 (CN) 
C08J2323/06 (CN) 
C08J2327/06 (CN) 
C08J2367/02 (CN) 
C08J2423/06 (CN) 
C08J2423/12 (CN) 
C08J2467/02 (CN) 
C08K5/3415 (CN) 
C08K5/3437 (CN) 
C09K2211/1011 (CN) 
C09K2211/1029 (CN) 
C09K2211/1033 (CN)";"2026-03-10";"2026-03-10";"098948632";
"33";"Fine sorting and recycling assembly for waste plastic bottles";"CAO WEIDONG 
XU YANFENG";"TAICHU HUANSU TECH ZHEJIANG CO LTD";"CN215198355U";"2021-07-23";"B07C5/342";"";"2021-12-17";"2021-12-17";"079428343";
"34";"Fine sorting and recycling assembly for waste plastic bottle";"CAO WEIDONG 
XU YANFENG";"TAICHU HUANSU TECH ZHEJIANG CO LTD";"CN113369174A 
CN113369174B";"2021-07-23";"B07C5/342";"B07C5/3422 (CN) 
Y02W30/62 (EP)";"2021-09-10 
2025-06-06";"2021-09-10";"077582757";
"35";"Waste incineration treatment front-end pollution source blocking and resource recycling method and system";"WANG FENG 
ZHAO SHUTING 
WANG NAN 
WANG FEI 
WANG SHIZHONG";"BEIJING LYUAN CHUANGHUA ENVIRONMENTAL PROTECTION TECH CO LTD";"CN121373045A";"2025-12-03";"B07B15/00 
B07C5/342 
B07C5/36 
B09B3/00 
B09B3/70 
B09B5/00 
F23G5/00 
F23G5/02 
B09B101/77";"";"2026-01-23";"2026-01-23";"098462092";
"36";"High-toughness plastic bag processing technology";"CAO YADI 
DU JUAN";"SHANGHAI XUNNENG PLASTIC PRODUCTS CO LTD";"CN120985896A";"2025-07-16";"B29C48/00 
B29C48/18 
B29C48/28 
B29C48/30 
B29C48/32 
B29C48/92 
C08J5/18 
C08L23/06 
C08L23/0807 
C08L51/06 
B29K23/00 
B29L31/00";"B29C48/0017 (CN) 
B29C48/0022 (CN) 
B29C48/0023 (CN) 
B29C48/022 (CN) 
B29C48/18 (CN) 
B29C48/28 (CN) 
B29C48/30 (CN) 
B29C48/32 (CN) 
B29C48/92 (CN) 
C08J5/18 (CN) 
B29C2948/92028 (CN) 
B29C2948/92085 (CN) 
B29C2948/92152 (CN) 
B29K2023/0625 (CN) 
B29K2023/0633 (CN) 
B29L2031/7128 (CN) 
C08J2323/06 (CN) 
C08J2323/08 (CN) 
C08J2451/06 (CN)";"2025-11-21";"2025-11-21";"097699250";
"37";"Household kitchen garbage recycling equipment and traceability system thereof";"CAO WENHUI";"ZHONGKE JUJIANG ARTIFICIAL INTELLIGENCE TECH GUANGZHOU CO LTD";"CN119190655A";"2024-09-22";"B65F1/00 
B65F1/14";"B65F1/006 (CN) 
B65F1/14 (CN) 
B65F1/1426 (CN) 
B65F1/1484 (CN) 
B65F2210/168 (CN) 
B65F2210/176 (CN) 
Y02W30/10 (EP)";"2024-12-27";"2024-12-27";"094041389";
"38";"Electronic tag for cattle breeding traceability";"FU SHENG 
XIE FENG 
LI BIN 
LIN DAN 
WANG CHAO";"FOOD SAFETY AND NUTRITION GUIZHOU INFORMATION TECH CO LTD";"CN217790953U";"2022-05-17";"A01K11/00 
G06K19/077";"";"2022-11-15";"2022-11-15";"083983815";
"39";"TRACEABILITY SYSTEM FOR BULK COMMODITY SUPPLY CHAIN";"NATTAR RANGANATHAN VAISHNAVI [US] 
KAUR UPINDER [US] 
KUMAR PEEYUSH [US] 
CHANDRA RANVEER [US] 
BASSANI MICHAEL MCNAB [US] 
JAIN VISHAL [IN]";"MICROSOFT TECHNOLOGY LICENSING LLC [US]";"US12147932B2 
US2023222433A1";"2022-01-13";"G06Q10/08 
G06Q30/00 
G06Q10/0833 
G06Q30/018";"G06Q10/08 (EP) 
G06Q10/0833 (EP,US) 
G06Q30/018 (US) 
G06Q50/02 (EP) 
G06K19/0723 (EP)";"2023-07-13 
2024-11-19";"2023-07-13";"085157533";
"40";"Environment-friendly recycling machine intelligent control system and intelligent environment-friendly recycling machine";"YANG TAO 
ZHANG ZHE";"LIAONING JIACHUANG ENVIRONMENTAL PROT EQUIPMENT CO LTD";"CN215477395U";"2021-07-06";"B65F1/00 
B65F1/14 
G06K19/06 
G06K7/10";"";"2022-01-11";"2022-01-11";"079724790";
"41";"Tracing method, device and equipment for battery recovery and medium";"JIN QIAOLING 
XIAO XUE 
LI WENBO";"INSPUR IND INTERNET CO LTD";"CN116109298A";"2022-12-26";"G06Q10/30 
G06Q30/018 
G06Q50/26";"G06Q10/30 (CN) 
G06Q30/018 (CN) 
G06Q50/26 (CN) 
Y02W90/00 (EP)";"2023-05-12";"2023-05-12";"086259005";
"42";"Packaging box with traceability tracking module convenient to take out";"ZHOU LIQUAN 
YANG PEIXIANG 
WANG JIAYUAN 
JIANG CAIHUI 
WANG SHATONG 
XIONG KAI 
ZHOU QIAN 
WANG YONGHAI";"YIBIN PLASTIC PACKAGING MAT CO LTD SICHUAN";"CN209321540U";"2018-11-14";"B65D25/20";"";"2019-08-30";"2019-08-30";"067710161";
"43";"Anti-counterfeiting traceability device capable of being destroyed immediately after being pushed open";"ZHANG HONGWEI 
ZHAO SHAOHUA 
ZHAO WEI";"XIAN BAOLAITE OPTOELECTRONIC DEVICES CO LTD";"CN211181431U";"2019-12-13";"G09F3/03 
G09F9/00";"";"2020-08-04";"2020-08-04";"071800461";
"44";"System and Method for Recycling Plastic Waste";"BATES DANIEL L [US] 
KEASMAN ANN [US] 
GALAZZI CHRISTOPHER S [US] 
YONCE JOHN PATRICK [US]";"BATES DANIEL L [US] 
KEASMAN ANN [US] 
GALAZZI CHRISTOPHER S [US] 
YONCE JOHN PATRICK [US] 
CLEAN SEAS INC [US]";"US20260134406A1";"2023-08-17";"G06Q10/04 
G06Q10/0631 
G06Q10/087 
G06Q10/30 
G06Q30/018";"G06Q10/04 (EP,US) 
G06Q10/06315 (EP,US) 
G06Q10/08726 (EP,US) 
G06Q10/08744 (EP,US) 
G06Q10/30 (EP,US) 
G06Q30/018 (EP,US) 
G06Q2220/00 (EP,US)";"2026-05-14";"2026-05-14";"099764632";
"45";"Recycling bag for recycling coffee grounds";"LIU SHAORAN 
LIU ZHILIANG 
YAN CANHUI 
WANG ZHIXIONG 
CHEN SHIZHEN 
MAI YAOREN";"SUPREME PLASTIC & RUBBER PACKAGING PRODUCTS SHENZHEN CO LTD";"CN217416886U";"2022-01-12";"B65D30/10 
B65D33/08 
B65D33/16 
B65F1/00";"";"2022-09-13";"2022-09-13";"083175069";
"46";"Modular traceability recovery processing system for household kitchen garbage can";"ZHANG XIN 
QIN YONGZHI 
CHEN JIGUI";"GREENPORT ENV RESOURCES CO LTD";"CN116443452A 
CN116443452B";"2023-04-23";"B08B9/093 
B65F1/00 
B65F1/14 
B65F1/16 
B65F3/00";"B08B9/093 (CN) 
B65F1/00 (CN) 
B65F1/14 (CN) 
B65F1/1638 (CN) 
B65F3/00 (CN) 
B65F2210/138 (CN) 
B65F2210/184 (CN) 
Y02W30/10 (EP)";"2023-07-18 
2026-04-14";"2023-07-18";"087123509";
"47";"Recovery method and system based on renewable resource cloud platform";"LUO DONGHONG 
ZHENG BO";"SHENZHEN DIANFEI CHENGJIN TECH CO LTD";"CN120524288A 
CN120524288B";"2025-05-12";"G06F18/241 
G06N3/0464 
G06N3/08";"G06F18/241 (CN) 
G06N3/0464 (CN) 
G06N3/08 (CN)";"2025-08-22 
2026-04-03";"2025-08-22";"096750230";
"48";"Waste plastic regeneration production risk coping method based on multivariate innovation algorithm";"LI LANG 
LI RENYAN 
WAN JIFENG";"HUNAN ZHONGKE NEW MAT CO LTD";"CN120163432A";"2025-02-07";"G06N3/006 
G06N3/043 
G06N3/0442 
G06N3/086 
G06N3/092 
G06N3/126 
G06Q10/0635 
G06Q10/0639 
G06Q30/0202 
G06Q50/04";"G06N3/006 (CN) 
G06N3/043 (CN) 
G06N3/0442 (CN) 
G06N3/086 (CN) 
G06N3/092 (CN) 
G06N3/126 (CN) 
G06Q10/0635 (CN) 
G06Q10/06393 (CN) 
G06Q10/06395 (CN) 
G06Q30/0202 (CN) 
G06Q50/04 (CN) 
Y02P90/30 (EP)";"2025-06-17";"2025-06-17";"096010060";
"49";"Waste template recycling process and template processing method";"YIN MIN 
WANG HUA 
WANG ZHONGYING";"SHANGHAI GANGCHENG CONSTRUCTION INSTALLATION ENG CO LTD";"CN121535456A";"2025-11-24";"B23P15/00";"B23P15/00 (CN)";"2026-02-17";"2026-02-17";"098747939";
"50";"Pesticide packaging waste recycling supervision system";"CHENG HONGSHAN 
SHUI LI 
ZHANG WEI";"SICHUAN KCOMBER TECH CO LTD";"CN113762541A";"2021-08-18";"G01C21/26 
G01C21/34 
G06Q10/00";"G01C21/26 (CN) 
G01C21/3407 (CN) 
G06Q10/30 (CN) 
Y02W90/00 (EP)";"2021-12-07";"2021-12-07";"078790363";
"51";"Quality monitoring method based on block chain and environment-friendly glue box anti-counterfeit printing";"XIE YANGHAI 
WU YUEJIN";"SHENZHEN WANLI PRINTING CO LTD";"CN117952635A 
CN117952635B";"2024-03-26";"G06K17/00 
G06Q30/018";"G06K17/00 (CN) 
G06Q30/018 (CN) 
Y02P90/30 (EP)";"2024-04-30 
2024-07-05";"2024-04-30";"090792872";
"52";"Method for collecting and storing disposable transparent special bag for classified packaging of plastic garbage";"YI BO 
ZHANG XIAOMING";"SICHUAN 9HELLO TECH CO LTD";"CN111422522A";"2019-12-17";"B65F1/00 
B65F1/14";"B65F1/0006 (CN) 
B65F1/1484 (CN) 
B65F2210/138 (CN) 
B65F2250/1143 (CN)";"2020-07-17";"2020-07-17";"071546891";
"53";"Renewable resource recovery tracking method and system based on Internet of Things";"XU BIN 
ZHANG WANLING 
SU QING 
LI YUAN";"HOUWEISHI ENERGY SAVING ENVIRONMENTAL PROTECTION TECH CO LTD";"CN120198111A 
CN120198111B";"2025-03-06";"G06F18/213 
G06F18/22 
G06F40/126 
G06Q10/30 
G06Q30/018 
G16Y20/20 
G16Y40/10";"G06F18/213 (CN) 
G06F18/22 (CN) 
G06F40/126 (CN) 
G06Q10/30 (CN) 
G06Q30/018 (CN) 
G16Y20/20 (CN) 
G16Y40/10 (CN) 
Y02W90/00 (EP)";"2025-06-24 
2025-10-28";"2025-06-24";"096061781";
"54";"Modularized combined type building waste classification recycling treatment system";"ZHAO GANG";"ZHAO GANG";"CN121695998A";"2026-01-22";"B01D36/04 
B01D50/60 
B02C21/02 
B02C23/04 
B02C23/14 
B02C23/18 
B02C25/00 
B07B15/00";"Y02W30/58 (EP)";"2026-03-20";"2026-03-20";"099069578";
"55";"Anti-recycling bottled product and easy-to-pull head cover thereof";"CHEN MINGFA";"ATMOVIE HAINAN ARTIFICIAL INTELLIGENCE LTD COMPANY";"CN216003687U";"2021-10-07";"B65D43/14 
B65D49/00";"B65D17/00 (CN) 
B65D23/00 (CN) 
B65D41/04 (CN) 
B65D49/00 (CN) 
Y02W30/80 (EP)";"2022-03-11";"2021-12-31";"079000122";
"56";"Color master batch plastic processing method and system based on multi-device cooperative control";"ZHAO LIRONG";"DONGGUAN DONGLAI PLASTIC CO LTD";"CN121756557A";"2026-02-06";"B29B9/06 
B29C48/92 
B29C55/28";"";"2026-03-31";"2026-03-31";"099181660";
"57";"PROCÉDÉ ET SYSTÈME DE RECYCLAGE OPTIMISÉ D'UN PRODUIT";"MELCHER ANDREAS [AT]";"PRIMETALS TECHNOLOGIES AUSTRIA GMBH [AT]";"EP4435695A1";"2023-03-23";"G06Q10/0875 
G06Q10/30";"G06Q10/0875 (EP) 
G06Q10/30 (EP)";"2024-09-25";"2024-09-25";"085726408";
"58";"Campus plastic bottle recovery device management platform based on Internet of Things";"LI JIANGUANG 
SONG ZHENGLEI 
LI TONGMAN 
ZHANG YU 
MU YIZHEN 
LU CHENG 
ZHANG LI";"SHIZUISHAN IND AND TRADE VOCATIONAL TECHNICAL COLLEGE NINGXIA IND SCHOOL";"CN121861761A";"2026-01-27";"G07F7/06 
H04L67/12 
H04W84/12";"G07F7/0609 (CN) 
H04L67/12 (CN) 
H04W84/12 (CN)";"2026-04-14";"2026-04-14";"099378554";
"59";"TRACEABILITY MANAGEMENT DEVICE, TRACEABILITY MANAGEMENT METHOD, AND TRACEABILITY MANAGEMENT PROGRAM";"MATSUZAKI ASUKA 
HIRASAWA SATOSHI 
ZHANG ZHENYI 
SATO HIROKI";"JEMS INC";"JP2023103536A";"2022-01-14";"G06Q50/10";"Y02P90/30 (EP)";"2023-07-27";"2023-07-27";"087378258";
"60";"A networked household waste plastic bag treatment method and system";"QI YUQING 
QIAO DONGMING";"XIAN HUIBO XIZHAO INFORMATION TECH CO LTD";"CN109559047A";"2018-12-02";"G06Q10/06 
G06Q50/26";"G06Q10/06313 (CN) 
G06Q50/26 (CN)";"2019-04-02";"2019-04-02";"065868473";
"61";"Method and system for recycling recyclable catering utensils based on intelligent recycling device";"LI JUNMIAN 
ZHOU HUSHUN";"GUANGZHOU GELI NETWORK TECH CO LTD";"CN109979112A 
CN109979112B";"2019-03-28";"G07F17/00";"G07F17/0042 (CN) 
Y02W90/00 (EP)";"2019-07-05 
2022-12-30";"2019-07-05";"067081151";
"62";"Anti-counterfeiting traceability label";"GAO QINGLI";"BEIJING HUANWANG RUITONG SOFTWARE CO LTD";"CN110706581A 
CN110706581B";"2019-09-17";"G09F3/02 
G09F3/03";"G09F3/0288 (CN) 
G09F3/03 (CN) 
G09F2003/0257 (CN)";"2020-01-17 
2021-08-17";"2020-01-17";"069194943";
"63";"Plastic recovery tracking method and system, program product and storage medium";"XIONG LULU 
WU BINHAI 
LU TIAN";"SHANGHAI DAJUE PACKAGING PRODUCTS CO LTD";"CN119477294A";"2024-12-04";"G06F16/29 
G06F18/241 
G06N5/04 
G06Q10/30 
G06Q30/018";"G06F16/29 (CN) 
G06F18/241 (CN) 
G06N5/041 (CN) 
G06Q10/30 (CN) 
G06Q30/018 (CN)";"2025-02-18";"2025-02-18";"094590546";
"64";"Anti-fake traceability interlink cover";"LUO ZHENQING 
ZHENG CHANGSHENG 
ZHOU YANGHAO";"JIANGSU OBEBO PACKAGING TECH CO LTD";"CN224090787U";"2025-05-26";"B65D49/12 
B65D51/18 
B65D51/24 
B65D55/02 
G06K19/06";"Y02W30/80 (EP)";"2026-04-07";"2026-04-07";"099302243";
"65";"Plastic/thermoplastic elastomer regenerated coarse particle capable of being used for modification or direct use and preparation method of plastic/thermoplastic elastomer regenerated coarse particle";"TANG YUHAO 
TANG HONGWEI 
CHEN HUIHONG 
HU JIAQING";"TANG YUHAO 
CHEN HUIHONG 
HU JIAQING";"CN115431429A";"2021-06-04";"B09B101/75 
B09B3/35 
B09B3/80 
B29B17/02 
B29B17/04 
B29B9/06";"B09B3/00 (CN) 
B29B17/02 (CN) 
B29B17/0412 (CN) 
B29B9/06 (CN) 
B29B9/12 (CN) 
C08L1/02 (CN) 
C08L101/00 (CN) 
C08L23/06 (CN) 
C08L23/12 (CN) 
C08L25/06 (CN) 
C08L27/06 (CN) 
C08L55/02 (CN) 
C08L67/02 (CN) 
C08L69/00 (CN) 
C08L77/00 (CN) 
B29B2017/0241 (CN) 
B29K2511/14 (CN)";"2022-12-06";"2022-12-06";"084239835";
"66";"Degradable meal box recycling method";"SHAO FEI 
LIAO HONGQIANG 
YIN CHUAN 
ZHANG BINGBING 
PANG JUNFENG";"ANHUI SHANGJIA ENVIRONMENTAL PROTECTION TECH CO LTD";"CN121716229A";"2026-01-14";"B02C19/18 
B29B17/02 
B29B17/04";"Y02W30/62 (EP)";"2026-03-24";"2026-03-24";"099109811";
"67";"Elaboration process of an ecological brick with localizer chip and product obtained. (Machine-translation by Google Translate, not legally binding)";"SAN MIGUEL PEREIRA MARIA JOSEF [ES] 
SAN MIGUEL PEREIRA MARIA JOSEFA [ES]";"SAN MIGUEL PEREIRA MARIA JOSEF [ES]";"ES2304298A1 
ES2304298B1";"2006-10-31";"B28C3/00 
C04B28/00 
E04C2/16";"B28C3/00 (ES) 
C04B28/001 (ES) 
E04C2/16 (ES)";"2008-10-01 
2009-07-28";"2008-10-01";"039758538";
"68";"INFORMATION GENERATION METHOD AND INFORMATION GENERATION APPARATUS";"HIRAKI TOSHIHIRO";"MITSUBISHI CHEM CORP";"JP2024065662A";"2022-10-31";"G06Q50/04";"";"2024-05-15";"2024-05-15";"091064349";
"69";"RECYCLING SYSTEM AND PROCESS USING SUBCRITICAL AND/OR SUPERCRITICAL WATER";"BOULIER PAUL [US]";"SEAUCIEL LLC [US]";"US2023303797A1";"2020-11-20";"C08J11/06";"B29B17/02 (US) 
B29C48/022 (US) 
B29C48/06 (US) 
C08J11/06 (EP,US) 
C10G1/10 (EP) 
C08J2323/04 (EP) 
C08J2323/08 (EP,US) 
C08J2323/10 (EP,US) 
C08J2367/00 (EP) 
C08J2367/02 (US) 
C08J2377/00 (EP,US) 
Y02W30/62 (EP)";"2023-09-28";"2022-05-27";"079024240";
"70";"Hidden raceability device and method thereof";"TIAN CHUAN 
YIN ZUWEI 
LI XIN";"BEIJING HC INNOVATION TECH CO LTD";"CN110175668A";"2019-06-03";"G06K19/077";"G06K19/07758 (CN)";"2019-08-27";"2019-08-27";"067697878";
"71";"PACKAGE TRACEABILITY SYSTEM";"YAMASHITA JUNICHIRO 
UENO KYOKO 
KURUSHIMA NAOTAKE 
AOKI TAKUMI 
KIKUKAWA ATSUKO";"DAINIPPON PRINTING CO LTD";"JP2021131620A";"2020-02-18";"G06Q10/06 
G06Q50/10";"";"2021-09-09";"2021-09-09";"077550962";
"72";"Recycled plastic bottle sorting device and sorting system";"CAO WEIDONG 
XU YANFENG";"TAICHU HUANSU TECH ZHEJIANG CO LTD";"CN113909156A";"2021-10-25";"B07C5/342";"B07C5/342 (CN)";"2022-01-11";"2022-01-11";"079242627";
"73";"Collection method of transparent special bag for household hazardous waste sorting and packaging";"YI BO 
ZHANG XIAOMING";"SICHUAN 9HELLO TECH CO LTD";"CN110834838A";"2019-12-05";"B65F1/00 
B65F1/14";"B65F1/0006 (CN) 
B65F1/14 (CN) 
Y02W30/10 (EP)";"2020-02-25";"2020-02-25";"069578151";
"74";"Full-Loop Method, Process and System for Enhancing Customer Convenience in Tandem with Increasing the Infrastructure of Recycling through Increasing Recycling of Single-Use Plastic Cups";"COGHLAN ROBERT [US]";"COGHLAN ROBERT [US]";"US2025307786A1";"2024-08-02";"B29B17/00 
G06Q10/30";"B29B17/00 (EP,US) 
G06Q10/30 (EP,US) 
B29B2017/0089 (EP,US)";"2025-10-02";"2025-10-02";"097176733";
"75";"PROCÉDÉ ET APPAREIL DE VÉRIFICATION, DE CATÉGORISATION ET DE PRÉPARATION AU RECYCLAGE DE BATTERIES LITHIUM-ION";"RUFF YUNUS [CH] 
GROUX OLIVIER [CH] 
FLASCHENTRÄGER DAVID [CH]";"KYBURZ SWITZERLAND AG [CH]";"WO2025083066A2 
WO2025083066A3";"2023-10-16";"H02J7/00 
G01R31/396 
H01M10/48 
H02J3/32 
H02J7/34";"G01R31/396 (EP) 
H01M10/0525 (EP) 
H01M10/4207 (EP) 
H01M10/441 (EP) 
H01M10/482 (EP) 
H01M10/54 (EP) 
H02J3/32 (EP) 
H02J7/342 (EP) 
H02J7/50 (EP) 
H02J7/84 (EP) 
H02J7/875 (EP) 
H02J7/933 (EP)";"2025-04-24 
2025-06-12";"2025-04-24";"089977737";
"76";"TRACEABILITY ANALYSIS DEVICE, TRACEABILITY ANALYSIS METHOD, AND METHOD FOR MANUFACTURING INJECTION-MOLDED PRODUCT";"KANAI YASUHITO 
ANEGAWA KENTA 
TSUBOI TATSUYA 
FUCHII MASASHI";"SEIKO EPSON CORP";"JP2025112781A";"2024-01-22";"B29B17/00 
B29C45/00 
G01N21/3563";"";"2025-08-01";"2025-08-01";"096549376";
"77";"Agricultural mulching film recycling system based on multi-source data evaluation";"CHEN HONGSEN 
CAO WENBO 
YANG CHUNXI 
JIANG WEI";"GUANGDONG SHENGKE ENVIRONMENTAL PROTECTION TECH CO LTD";"CN121616279A";"2026-01-30";"G01D21/02 
G06F17/10 
G06F18/213 
G06F18/24 
G06F18/241 
G06F18/25 
G06F18/26 
G06N3/045 
G06N3/0499 
G06Q10/30 
G06V10/26 
G06V20/13";"G01D21/02 (CN) 
G06F17/10 (CN) 
G06F18/213 (CN) 
G06F18/241 (CN) 
G06F18/24765 (CN) 
G06F18/253 (CN) 
G06F18/26 (CN) 
G06N3/045 (CN) 
G06N3/0499 (CN) 
G06Q10/30 (CN) 
G06V10/267 (CN) 
G06V20/13 (CN)";"2026-03-06";"2026-03-06";"098925431";
"78";"SYSTÈME QUI FOURNIT DES SOLUTIONS EN ÉTABLISSANT DES PONTS INVISIBLES DANS DES OBJETS/ÉLÉMENTS PHYSIQUES AU MOYEN D'UNE TECHNIQUE DE MARQUAGE AU LASER";"DEMİR SERRA [TR] 
KAYALAR METE [TR]";"COSMODOT INC [US]";"WO2022263920A1";"2021-06-17";"G06N3/08 
H04N1/32";"G06N3/0464 (EP) 
H04N1/32144 (EP) 
G06N3/08 (EP)";"2022-12-22";"2022-12-22";"084527200";
"79";"MOLECULAR ENCODING OF RECYCLING INFORMATION";"CHEN YUAN-JYUE [US] 
NGUYEN BICHLIEN HOANG [US] 
SMITH JAKE ALLEN [US] 
STRAUSS KARIN [US] 
CHANDRA RANVEER [US]";"MICROSOFT TECHNOLOGY LICENSING LLC [US]";"US12502808B2 
US2024075655A1";"2022-09-07";"B29B17/02 
B29B17/04 
C08J11/06 
B29K23/00 
B29K67/00";"B29B17/0042 (EP) 
B29B17/02 (EP,US) 
B29B17/0412 (US) 
C08J11/06 (US) 
G06Q10/30 (EP) 
B29B2017/0203 (US) 
B29B2017/0282 (EP,US) 
B29K2023/065 (US) 
B29K2067/003 (US) 
C08J2367/02 (US) 
Y02W30/62 (EP)";"2024-03-07 
2025-12-23";"2024-03-07";"087760501";
"80";"SUIVI DE MATÉRIAU ET SUIVI DE LOT";"SCHNEIDER HORST [AT] 
WYKOPAL PETRA [AT] 
VOIGT BJÖRN [SE] 
KUFNER ANDREAS [AT] 
EK ANDERS [SE] 
SPUDIL PETER [AT] 
STROSS ARNO [DE] 
STUCHLY BIANCA [AT] 
PREYER JOSEF [AT] 
SCHAFFELD JULIA [DE] 
EDEN MIKAEL [SE] 
KLENPER GYOERGY [AT] 
GSELLMANN GÜNTER [AT] 
UNGER CHRISTIAN [AT]";"BOREALIS AG [AT]";"EP4567694A1";"2023-12-08";"B29B17/02 
G06F16/23 
G06F16/24 
G06Q10/08 
G06Q10/0832 
G06Q10/30 
H04L67/12";"B29B17/02 (EP) 
G06Q10/06395 (EP) 
G06Q10/08 (EP) 
G06Q10/30 (EP) 
G06Q30/018 (EP) 
H04L67/12 (EP) 
B29B2017/0089 (EP) 
B29B2017/0203 (EP) 
B29B2017/0282 (EP) 
H04L67/10 (EP)";"2025-06-11";"2025-06-11";"089164579";
"81";"Waste paper traceability method and waste paper traceability system based on two-dimensional code";"SUN TAO";"TIANJIN HEHUO ENERGY SAVING TECH CO LTD";"CN109784953A";"2019-01-31";"G06K17/00 
G06Q30/00";"";"2019-05-21";"2019-05-21";"066503909";
"82";"Quality control and tracing method in compliance distribution process of medical supplies";"WANG XINHUA";"WANG XINHUA";"CN110135676A 
CN110135676B";"2019-03-19";"G06K17/00 
G06Q10/06 
G06Q10/08 
G06Q30/00";"G06K17/0022 (CN) 
G06Q10/06395 (CN) 
G06Q10/0833 (CN) 
G06Q30/018 (CN)";"2019-08-16 
2022-09-20";"2019-08-16";"067568720";
"83";"Circulating packaging state monitoring and tracing method based on RFID";"LIU ZHENNING 
LIU HONG";"SHOUMA INFORMATION TECH BEIJING CO LTD";"CN121391286A";"2025-09-30";"G06F18/2433 
G06F18/25 
G06K17/00 
G06Q30/018";"";"2026-01-23";"2026-01-23";"098468588";
"84";"Hidden traceability tracking device";"TIAN CHUAN 
YIN ZUWEI 
LI XIN";"BEIJING HC INNOVATION TECH CO LTD";"CN209859164U";"2019-06-03";"G06K17/00";"";"2019-12-27";"2019-12-27";"068942042";
"85";"Waste household appliance recycling carbon reduction benefit quantitative evaluation method";"ZHAI MENGYU 
WU YUFENG 
HAN HONGGUI 
DU YONGPING";"UNIV BEIJING TECHNOLOGY";"CN120875857A";"2025-07-17";"G06Q10/0639 
G06Q10/30 
G06Q30/018";"G06Q10/06395 (CN) 
G06Q10/30 (CN) 
G06Q30/018 (CN)";"2025-10-31";"2025-10-31";"097453587";
"86";"Intelligent recycling and crushing equipment based on multi-material identification";"XU HAORUI 
BO HUAIDONG";"XU HAORUI";"CN120079485A";"2025-04-25";"B02C18/14 
B02C18/16 
B02C18/22 
B07C5/34 
B07C5/36";"B02C18/14 (CN) 
B02C18/16 (CN) 
B02C18/2216 (CN) 
B07C5/34 (CN) 
B07C5/362 (CN) 
B02C2201/06 (CN)";"2025-06-03";"2025-06-03";"095849115";
"87";"MEDICAL WASTE TRACEABILITY SYSTEM";"YAMAGUCHI SHOZO";"OZU KK";"JP2007034558A";"2005-07-26";"G06K17/00 
G06K19/00 
G06K19/07 
G06K7/00 
G06Q50/00 
G06Q50/10 
G06Q50/22";"";"2007-02-08";"2007-02-08";"037793769";
"88";"Agricultural product information traceability system and method based on NFC and block chain";"YANG XIANFENG 
ZHU XIPING 
CHEN HUIFEN 
LIANG LIN 
LI JIE 
LYU YUANYUAN";"UNIV SOUTHWEST PETROLEUM";"CN113077268A 
CN113077268B";"2021-04-02";"H04L29/06 
H04M1/725 
G06Q30/00 
G06Q50/02 
H04L9/08 
H04W4/80 
H04L9/40 
H04M1/72403 
H04M1/72406 
H04M1/72412";"G06Q30/0185 (CN) 
G06Q50/02 (CN) 
H04L63/067 (CN) 
H04L63/08 (CN) 
H04L9/0819 (CN) 
H04W4/80 (CN) 
H04L9/50 (CN)";"2021-07-06 
2022-09-09";"2021-07-06";"076615047";
"89";"Intelligent garbage classification system";"LU HAO 
WU JIANG 
ZHAN AO 
WU CHENGYU 
ZHANG YAN";"UNIV ZHEJIANG SCIENCE & TECH";"CN113998338A";"2021-11-23";"B65B69/00 
B65F1/00 
B65F1/14";"B65B69/0008 (CN) 
B65F1/0033 (CN) 
B65F1/14 (CN) 
B65F1/1405 (CN) 
B65F2210/12 (CN) 
B65F2210/128 (CN) 
B65F2210/129 (CN) 
B65F2210/137 (CN) 
B65F2210/138 (CN) 
B65F2210/162 (CN) 
B65F2210/165 (CN) 
B65F2210/169 (CN) 
B65F2210/176 (CN) 
B65F2210/20 (CN) 
Y02W30/10 (EP)";"2022-02-01";"2022-02-01";"079929958";
"90";"一种基于计算机视觉的智能回收环保监测系统及方法";"";"";"CN121982540A";"2026-01-28";"G06Q10/0639 
G06Q10/30 
G06V10/12 
G06V10/20 
G06V10/25 
G06V10/30 
G06V10/44 
G06V10/56 
G06V10/764 
G06V10/77 
G06V10/82 
G06V20/10 
G06V20/52 
G06V20/60";"";"2026-05-05";"2026-05-05";"099606998";
"91";"Plastic waste detection method, device and equipment and storage medium";"BAO DONGDONG 
WU YANG 
SUN WEIMIN 
LE LE 
PENG YAN 
TANG YILONG 
ZHANG TONGQING 
YANG XIAOBO 
CHEN HAIJIE";"SHENZHEN LUHUAN RESOURCES RECYCLING DEV LTD";"CN119810426A 
CN119810426B";"2025-03-11";"G06N3/08 
G06N3/096 
G06V10/25 
G06V10/26 
G06V10/30 
G06V10/82";"";"2025-04-11 
2025-07-22";"2025-04-11";"095265031";
"92";"Classification ball household garbage treatment system and method";"SONG XIN";"BEIJING SHUIJIE TECH CO LTD";"CN106890843A";"2017-03-20";"B09B3/00";"B09B3/20 (CN) 
B09B3/80 (CN)";"2017-06-27";"2017-06-27";"059192521";
"93";"Recycling control method and device for reusable container";"LI JUNMIAN 
ZHOU HUSHUN 
LI ZEYU 
LI LAIYI";"HAINAN LAIGEWAN NETWORK TECH CO LTD";"CN110660008A";"2019-09-12";"G06K17/00 
G06K9/62 
G06Q30/02 
G06Q50/26";"G06F18/22 (CN) 
G06K17/0022 (CN) 
G06Q30/0207 (CN) 
G06Q50/26 (CN)";"2020-01-07";"2020-01-07";"069038146";
"94";"Intelligent garbage sorting and recycling machine delivery and recycling flow";"TANG JUN 
ZHANG LIN 
SONG YIBIAO 
LI ZHIQUAN 
HUANG GUIMIN 
TANG YONGZHAO 
TU ZHIQIANG";"XIAOHUANGGOU ENVIRONMENTAL PROTECTION TECH CO LTD";"CN109658589A";"2018-12-11";"G07F7/06 
G07G1/00";"G07F7/06 (CN) 
G07G1/0045 (CN) 
Y02W30/60 (EP) 
Y02W30/62 (EP)";"2019-04-19";"2019-04-19";"066112950";
"95";"Traceability capsule with controlled disintegration (Machine-translation by Google Translate, not legally binding)";"LOPEZ-POZAS LANUZA LUIS ENRIQUE [ES]";"LOPEZ POZAS LANUZA LUIS ENRIQUE [ES]";"ES2896848A1";"2020-08-25";"A01K11/00 
A01K35/00 
C08L101/16 
G09F3/00";"A01K11/00 (ES) 
A01K35/00 (ES) 
C08L101/16 (ES) 
G09F3/00 (ES)";"2022-02-25";"2022-02-25";"080351252";
"96";"Méthode de recyclage de papier";"CRAIG ANDREW IAN [GB]";"OFFICE2OFFICE PLC [GB]";"EP2447413A1 
EP2447413B1";"2010-10-26";"D21B1/32";"D21B1/32 (EP) 
D21C5/02 (GB) 
Y02W30/64 (EP)";"2012-05-02 
2013-04-17";"2012-05-02";"043365528";
"97";"METHOD AND DEVICE FOR TRACEABILITY MARKING AND PACKAGING LINE PROVIDED WITH TRACEABILITY MARKING DEVICE";"SCHARFENORT PER [SE] 
JOHANSSON HANS [SE] 
BERGHOLTZ LARS [SE] 
SICKERT LARS [SE] 
BENEDETTI PAOLO [IT] 
WIENER GUIDO [SE]";"TETRA LAVAL HOLDINGS & FINANCE [CH] 
SCHARFENORT PER [SE] 
JOHANSSON HANS ARNE VALENTIN [SE] 
BERGHOLTZ LARS [SE] 
SICKERT LARS [SE] 
BENEDETTI PAOLO [IT] 
WIENER GUIDO [SE]";"US2011204137A1 
US8579204B2";"2008-10-09";"G06F17/00 
B65B61/00 
B65B61/26 
G06K19/00 
G06K19/06";"B32B15/12 (EP,US) 
B32B15/20 (EP,US) 
B32B27/10 (EP,US) 
B32B27/32 (EP,US) 
B32B29/002 (EP,US) 
B65B41/18 (SE) 
B65B61/025 (EP,SE,US) 
B65D65/40 (US) 
B32B2255/12 (EP,US) 
B32B2255/26 (EP,US) 
B32B2439/00 (EP,US) 
B32B2553/00 (EP,US)";"2011-08-25 
2013-11-12";"2010-04-10";"042100783";
"98";"Environment-friendly cyclic processing and recycling method of glass fibers and mobile phone back shell formed by glass fibers";"HOU JUNMIN 
SONG ZHANYI 
CHEN CHUANGWEI";"DONGGUAN HUACAI OPTICAL TECH CO LTD";"CN121590122A";"2025-11-26";"B29D99/00 
B32B17/02 
B32B17/06 
B32B33/00 
B32B37/06 
B32B37/10 
B32B37/24 
B32B38/18 
H04M1/02";"B29D99/006 (CN) 
B32B33/00 (CN) 
B32B37/06 (CN) 
B32B37/10 (CN) 
B32B37/24 (CN) 
B32B38/1841 (CN) 
B32B5/02 (CN) 
H04M1/0203 (CN) 
B32B2037/243 (CN) 
B32B2262/101 (CN) 
Y02W30/62 (EP)";"2026-03-03";"2026-03-03";"098879937";
"99";"Plastic pipe bending tester and method thereof";"ZHAO YANJIE 
YIN XINYU 
SONG JIANMEI 
HU ZONGYI 
YANG ZHEN 
XU XIHONG 
WANG LIANG";"SHANDONG LUYU PLASTIC CO LTD";"CN121702916A";"2026-01-19";"B08B15/04 
B29C53/08 
B29C53/80 
B29C53/84 
G01M3/28 
G01N3/02 
G01N3/04 
G01N3/20";"";"2026-03-20";"2026-03-20";"099069737";
"100";"Low-carbon circular applied material traceability certification system";"LIN XUAN-LONG [TW]";"CARBON RECYCLE APPLIED MATERIALS CO LTD [TW]";"TWM672582U";"2025-01-14";"G06Q10/30 
G06Q50/04";"";"2025-07-11";"2025-07-11";"097226924";
"101";"SYSTÈME DE GESTION D'IDENTIFICATION ET PROCÉDÉ DE GESTION D'IDENTIFICATION";"MORI SHUNSUKE [JP] 
NOMURA KOUTAROU [JP] 
SUKEGUCHI SATOSHI [JP] 
KURATA SAYAKA [JP] 
SUZUKI HIROYUKI [JP] 
NAKATSUCHI HIROKI [JP]";"HITACHI LTD [JP]";"EP4564279A1";"2022-07-27";"C08J11/04 
G06K19/08 
G06K7/14 
G06Q50/10";"G06K19/02 (EP) 
G06K19/06046 (EP) 
G06K7/1408 (EP) 
G06Q10/063 (EP) 
G06Q10/0875 (EP) 
G06Q10/30 (EP) 
G06Q30/018 (EP) 
G06Q50/04 (EP) 
G06V10/225 (EP) 
G06V20/80 (EP) 
G09C5/00 (EP) 
H04L9/3278 (EP) 
G06K19/06084 (EP) 
G06K19/06159 (EP) 
G06Q2220/00 (EP) 
Y02P90/30 (EP)";"2025-06-04";"2024-02-01";"089706106";
"102";"Textile recovering system";"MORTEN BALLE [DK] 
RIKKE BØDKER BECH [DK] 
HENRIK LAU LARSEN [DK] 
ANDREAS LEHMANN ENEVOLDSEN [DK] 
MORTEN LINDGAARD [DK]";"UNIVERSAL TEXTILE SORTING APS [DK]";"DK202430407A1";"2024-07-11";"B07C5/00";"B07C5/00 (DK) 
B07C5/342 (EP) 
B07C5/36 (EP)";"2026-01-30";"2026-01-15";"096500223";
"103";"Intelligent economical traceability machine for solid-liquid separation of food residues";"YANG ZHENWEI 
YANG FUMING";"ZHEJIANG ZHIXIANG TECH CO LTD";"CN112200939A";"2020-09-15";"B01D36/00 
G07C9/00";"B01D36/003 (CN) 
G07C9/00 (CN)";"2021-01-08";"2021-01-08";"074015130";
"104";"Anti-counterfeiting plastic lead seal with display screen";"ZHANG HONGWEI 
ZHAO SHAOHUA 
ZHAO WEI";"XIAN BAOLAITE OPTOELECTRONICS CO LTD";"CN212906834U";"2020-08-11";"G09F3/03 
G09F9/00";"";"2021-04-06";"2021-04-06";"075242827";
"105";"Reusable recycling bag";"YANG YONGYIN";"CHENGDU AOBAG ENVIROMENTAL PROTECTION TECH CO LTD";"CN215206221U";"2021-06-07";"B65D33/00 
B65D33/06";"Y02W30/80 (EP)";"2021-12-17";"2021-12-17";"079423945";
"106";"Recovery plastic bottle identification system";"CAO WEIDONG 
XU YANFENG";"TAICHU HUANSU TECH ZHEJIANG CO LTD";"CN114034646A";"2021-10-25";"G01N21/25 
G01N21/64 
G01N21/90 
G06K17/00";"G01N21/25 (CN) 
G01N21/64 (CN) 
G01N21/90 (CN) 
G06K17/0025 (CN)";"2022-02-11";"2022-02-11";"080141903";
"107";"Intelligent economical traceability machine for solid-liquid separation of food residues";"YANG ZHENWEI 
YANG FUMING";"ZHEJIANG ZHIXIANG TECH CO LTD";"CN214042392U";"2020-09-15";"B01D36/00 
G07C9/00";"";"2021-08-24";"2021-08-24";"077351231";
"108";"Automatic detecting and sorting system for thread protector";"ZHAO GUOMIN 
QIAO SHICHAO 
BIAN WEIWEI 
KONG FANGANG 
HE YUECHAO 
ZHANG DEZHUANG";"WUXI RED LEAF PLASTIC STEEL PRODUCTS CO LTD";"CN120920378A";"2025-10-09";"B07C5/10 
B07C5/34 
B07C5/342";"B07C5/10 (CN) 
B07C5/34 (CN) 
B07C5/342 (CN)";"2025-11-11";"2025-11-11";"097596519";
"109";"Parcel lamp recovery system";"CHEN XIANG";"GUANGZHOU ZHONGQIAO HUIYI INFORMATION TECH CO LTD";"CN120903140A";"2025-08-27";"B65F1/00 
B65F1/14 
G06V40/16";"B65F1/00 (CN) 
B65F1/1484 (CN) 
G06V40/161 (CN) 
B65F2210/128 (CN) 
B65F2210/138 (CN)";"2025-11-07";"2025-11-07";"097547720";
"110";"Plastic product regeneration cycle carbon footprint tracking method and device";"ZHANG QIFENG 
CHEN CHEN 
YIN ZIQI 
LI JINPEI 
WANG RUIXIN 
NIU GUOPING 
XIAO HAIFENG 
ZHOU HONGGUANG 
MENG YI 
HUANG JINGJING";"BEIJING HUANENG CHANGJIANG ENVIRONMENTAL PROTECTION TECH RESEARCH INSTITUTE CO LTD 
XIAN TPRI BOILER ENVIRONMENTAL PROT ENG CO LTD";"CN120258312A";"2025-03-27";"G01D21/02 
G06Q10/063 
G06Q50/04 
G06Q50/26";"G01D21/02 (CN) 
G06Q10/063 (CN) 
G06Q50/04 (CN) 
G06Q50/26 (CN)";"2025-07-04";"2025-07-04";"096196181";
"111";"Novel indoor classified collection, storage and transfer method for harmful garbage in household garbage";"YI BO 
ZHANG XIAOMING";"SICHUAN 9HELLO TECH CO LTD";"CN111311170A";"2019-11-19";"G06K17/00 
G06Q10/10 
G06Q50/26";"G06K17/0025 (CN) 
G06Q10/103 (CN) 
G06Q50/26 (CN)";"2020-06-19";"2020-06-19";"071146588";
"112";"RECYCLED PLASTIC FILM, USE OF PLASTIC FILM AS RECYCLED RAW MATERIAL, PLASTIC FILM FOR RECYCLED RAW MATERIAL, AND METHOD FOR PRODUCING RECYCLED PLASTIC FILM";"KURODA KIYONORI 
HIRAKI TOSHIHIRO 
TADA KAZUNOBU";"MITSUBISHI CHEM CORP";"JP2023041656A";"2021-09-13";"B29C55/02 
C08J5/18";"Y02W30/62 (EP)";"2023-03-24";"2023-03-24";"085641712";
"113";"Unattended fresh food cold chain system based on central kitchen";"BAO GUOZHONG 
ZHOU ZHENGLAI";"QINHUANGDAO JIAJIA ENERGY CO LTD";"CN120031469A";"2025-01-28";"G06Q10/047 
G06Q10/0832";"G06Q10/047 (CN) 
G06Q10/0832 (CN)";"2025-05-23";"2025-05-23";"095734093";
"114";"Marine plastic treatment method and marine plastic treatment system based on block chain";"LIAO CHANG 
ZHOU YIFAN 
MAO XIANHUA";"ZHEJIANG LANJING TECH CO LTD";"CN121903759A";"2025-12-30";"G06F16/23 
G06F16/27 
G06F21/64 
G06Q10/087 
G06Q30/018 
G06Q40/04 
G06Q50/26 
H04L67/1095 
H04L67/1097 
H04L9/00 
H04L9/40";"G06F16/2379 (CN) 
G06F16/27 (CN) 
G06F21/64 (CN) 
G06Q10/0877 (CN) 
G06Q30/018 (CN) 
G06Q40/048 (CN) 
G06Q40/049 (CN) 
G06Q50/26 (CN) 
H04L63/123 (CN) 
H04L67/1095 (CN) 
H04L67/1097 (CN) 
H04L9/40 (CN) 
H04L9/50 (CN)";"2026-04-21";"2026-04-21";"099455653";
"115";"Anti-fake bottle cap with digital identity label and anti-recycling function";"MEI YUANBIN 
WEI XIANG 
YAN JIALONG";"GUIZHOU ZHAOXIN DIGITAL TECH CO LTD";"CN116692238A";"2023-07-14";"B65D49/00 
B65D51/18 
B65D51/24";"B65D49/00 (CN) 
B65D51/18 (CN) 
B65D51/245 (CN) 
Y02W30/80 (EP)";"2023-09-05";"2023-09-05";"087841632";
"116";"CARTRIDGE FOR RECYCLING MEDICAL WASTE, WASTE CONTAINER AND METHOD FOR COMPACTING AND STERILISING SAID WASTE";"DUENAS SANCHEZ SILVERIO [ES]";"SARAITO S L [ES]";"KR20140070499A";"2011-10-28";"A61B19/00 
A61L11/00 
A61L2/07 
B09B3/00";"A61B50/362 (KR) 
A61L11/00 (KR) 
A61L2/07 (KR) 
B09B3/0075 (KR)";"2014-06-10";"2014-06-10";"051135348";
"117";"METHODS FOR RECYCLING AND UPCYCLING CONSUMER ELECTRONICS WITH PLASTICS AND INTEGRATED BATTERIES";"STEINBAUER MARTIN [US] 
LEVY FREDERIC [US]";"LOFT LABS LLC [US]";"US2025131393A1";"2022-09-19";"B09B3/80 
G06Q10/30 
G06Q30/0207 
B09B101/02 
B09B101/16 
B09B101/75";"B09B3/80 (EP,US) 
G06Q10/30 (EP,US) 
G06Q30/0207 (EP,US) 
B09B2101/02 (US) 
B09B2101/16 (US) 
B09B2101/75 (US) 
G06Q2220/00 (US)";"2025-04-24";"2024-03-21";"090243920";
"118";"FILM PLASTIQUE RECYCLÉ, UTILISATION D'UN FILM PLASTIQUE EN TANT QUE MATIÈRE PREMIÈRE RECYCLÉE, FILM PLASTIQUE POUR MATIÈRE PREMIÈRE RECYCLÉE, ET PROCÉDÉ DE PRODUCTION DE FILM PLASTIQUE RECYCLÉ";"KURODA KIYONORI [JP] 
HIRAKI TOSHIHIRO [JP] 
TADA KAZUNOBU [JP]";"MITSUBISHI CHEM CORP [JP]";"WO2023038138A1";"2021-09-13";"C08J5/18 
C08K7/26 
C08L101/00 
C08L67/00";"C08J5/18 (EP) 
C08K7/26 (EP) 
C08L67/02 (EP) 
B29B17/02 (EP) 
B29B2017/0279 (EP) 
B29B2017/0282 (EP) 
C08L2207/20 (EP) 
Y02W30/62 (EP) 
C08K7/26, C08L67/02, INV (EP)       
C08L67/02, C08K3/36, C08L67/02%2, INV (EP)      ";"2023-03-16";"2023-03-16";"085506489";
"119";"RFID anti-interference coating technology and imitation metal coating plastic product";"LI HAIKUAN 
ZOU YAOBANG 
ZHOU LIQUAN";"YIBIN PLASTIC PACKAGING MATERIALS CO LTD SICHUAN";"CN103668072A 
CN103668072B";"2013-12-09";"C08J7/04 
C23C14/20 
C23C14/24 
G06K19/067";"";"2014-03-26 
2016-02-03";"2014-03-26";"050306833";
"120";"Informatization management method for whole disassembly process of scrapped electric bicycle";"LUO FENGPING 
PAN WANBAO 
ZHU MINGSHENG 
CAI JUN 
DAI SUOZHU";"JIANGXI ZHONGZAISHENG ENVIRONMENTAL PROT INDUSTRY CO LTD";"CN121526574A";"2025-09-24";"G06Q10/087 
G06Q10/30";"G06Q10/087 (CN) 
G06Q10/30 (CN)";"2026-02-13";"2026-02-13";"098715505";
"121";"Medical waste logistics system";"WANG YIBO 
WANG YITAO";"XINZHENGYUAN ROBOT SUZHOU CO LTD";"CN119168524A";"2024-08-23";"B65F1/00 
B65F1/14 
G06Q10/0832 
G06Q10/0835 
G06Q10/087 
G06Q30/018 
G16H40/20";"B65F1/0006 (CN) 
B65F1/0033 (CN) 
B65F1/14 (CN) 
G06Q10/0832 (CN) 
G06Q10/08355 (CN) 
G06Q10/087 (CN) 
G06Q30/0185 (CN) 
G16H40/20 (CN) 
B65F2210/128 (CN) 
B65F2210/164 (CN) 
B65F2210/176 (CN) 
B65F2210/184 (CN)";"2024-12-20";"2024-12-20";"093879798";
"122";"Inorganic composite building material processing system and method based on resource recycling";"CHEN ZHANGYONG 
LIU FENG 
ZHU YONGYI 
DING HAO 
WANG QIUJUN 
JI BOWEN 
CAO SHUAISHUAI";"NANTONG GUSHENG BUILDING MAT CO LTD";"CN118558705A";"2024-06-25";"B09B3/20 
B09B3/30 
B09B3/35 
B09B3/40 
B09B5/00 
C04B18/167 
C04B18/26";"B09B3/20 (CN) 
B09B3/30 (CN) 
B09B3/35 (CN) 
B09B3/40 (CN) 
B09B5/00 (CN) 
C04B18/167 (CN) 
C04B18/26 (CN)";"2024-08-30";"2024-08-30";"092468870";
"123";"Block chain-based circulation packaging box full life cycle tracking and carbon integral excitation system";"NI LI 
YU QIN 
ZOU JIANJUN";"GUANGDONG POLYTECHNIC IND & COMMERCE";"CN121788153A";"2025-12-25";"G06Q10/063 
G06Q30/018";"G06Q10/063 (CN) 
G06Q30/018 (CN)";"2026-04-03";"2026-04-03";"099246399";
"124";"Community garbage sorting and recycling system and method based on electronic waste";"SHAO QI";"MAT COMPANY OF STATE GRID TIANJIN ELECTRIC POWER COMPANY";"CN121581855A";"2025-09-29";"B65F1/00 
B65F1/06 
G06K7/10 
G06K7/14 
G06N3/0464 
G06Q10/30 
G06V10/764 
G06V10/82";"B65F1/0033 (CN) 
B65F1/06 (CN) 
G06K7/10009 (CN) 
G06K7/1417 (CN) 
G06N3/0464 (CN) 
G06Q10/30 (CN) 
G06V10/765 (CN) 
G06V10/82 (CN) 
B65F2001/008 (CN)";"2026-02-27";"2026-02-27";"098836927";
"125";"Wine anti-counterfeiting traceability method";"ZHANG JIAN 
TIAN YONG 
YAN JIANYUE 
ZHANG MIN";"GUIZHOU PROVINCE ELECTRONIC CERTIFICATE LTD COMPANY";"CN114638622A";"2022-03-18";"G06F21/60 
G06F21/64 
G06F21/87 
G06K19/07 
G06Q30/00 
H04L9/32 
H04W4/80";"G06F21/602 (CN) 
G06F21/64 (CN) 
G06F21/87 (CN) 
G06K19/0723 (CN) 
G06Q30/018 (CN) 
H04L9/3247 (CN) 
H04L9/3263 (CN) 
H04W4/80 (CN)";"2022-06-17";"2022-06-17";"081950225";
"126";"Ampoule use and recycling counting system capable of achieving tracing in whole process";"DING HONG 
LIU KEXUAN 
TAO TAO 
XIAO LUNHUA 
JIANG YUMEI 
JIANG YU";"NANFANG HOSPITAL SOUTHERN MEDICAL UNIV";"CN107934161A 
CN107934161B";"2017-12-12";"A61J1/06 
B02C1/00 
B65D25/02 
B65D25/20 
B65D25/24 
B65D25/28 
B65D25/54 
B65G15/58 
B65G47/34";"A61J1/065 (CN) 
B02C1/00 (CN) 
B65D25/02 (CN) 
B65D25/20 (CN) 
B65D25/24 (CN) 
B65D25/28 (CN) 
B65D25/54 (CN) 
B65G15/58 (CN) 
B65G47/34 (CN)";"2018-04-20 
2018-09-28";"2018-04-20";"061942793";
"127";"Engineering plastic waste aging evaluation method, device, equipment and storage medium";"BAO DONGDONG 
WU YANG 
SUN WEIMIN 
LE LE 
PENG YAN 
TANG YILONG 
ZHANG TONGQING 
YANG XIAOBO 
CHEN HAIJIE";"SHENZHEN LUHUAN RESOURCES RECYCLING DEV LTD";"CN121545638A";"2025-12-05";"G01N21/31 
G06F18/213 
G06F18/22 
G16C60/00";"G01N21/31 (CN) 
G06F18/213 (CN) 
G06F18/22 (CN) 
G16C60/00 (CN) 
Y02W30/62 (EP)";"2026-02-17";"2026-02-17";"098754735";
"128";"PROCÉDÉ DE RECYCLAGE D'EMBALLAGES DE PRODUITS PHYTOSANITAIRES AGRICOLES";"SOUZA ROGERIO FERNANDES DE [BR]";"INSTITUTO NAC DE PROCESSAMENTO DE EMBALAGENS VAZIAS INPEV [BR]";"WO2021222995A1";"2020-05-08";"B29B17/00 
B65D65/02";"B29B17/00 (BR) 
B29B17/0036 (BR) 
B29B17/02 (BR) 
B29B2017/0015 (BR) 
B29B2017/0237 (BR) 
B29B2017/0244 (BR) 
B29B2017/0289 (BR) 
B29B2017/044 (BR) 
B29B2017/0484 (BR) 
Y02W30/62 (EP)";"2021-11-11";"2020-07-14";"071845201";
"129";"Green low-carbon wood-plastic composite material continuous production system and energy consumption management method";"WANG TING 
WANG LIANGYONG 
CAO YOUMIN";"SHUCHENG XIANGYUN BAMBOO AND WOOD CRAFT CO LTD";"CN121224025A";"2025-08-25";"B29B17/00 
B29B17/02 
B29B17/04 
B29B7/42 
B29B7/72 
B29C45/00 
B29C45/26 
B29C45/73 
B29C45/76 
B29C45/78";"";"2025-12-30";"2025-12-30";"098157781";
"130";"SYSTÈME ET PROCÉDÉ DE COMMANDE ÉLECTRONIQUE D'UNITÉ CHIRURGICALE PAR AUTOMATISATION, IDENTIFICATION, AUTHENTIFICATION ET SUIVI D'ARTICLES ET DE PERSONNES SE BASANT SUR UN SYSTÈME DE LOCALISATION EN TEMPS RÉEL AVEC TECHNOLOGIE SÉCURISÉE";"GOMES DE SOUZA NETO PAULINO [BR] 
STRASBURG MAURICIO [BR]";"SYNERGY TECNOLOGIA EM SIST LTDA [BR]";"WO2018195615A1";"2017-04-26";"A61B90/98 
G16H10/65 
G16H20/10 
G16H40/60";"A61B90/98 (EP) 
G06Q10/0833 (BR) 
G06Q30/0185 (BR) 
G16H10/65 (EP) 
G16H20/10 (EP) 
G16H40/60 (EP)";"2018-11-01";"2018-11-01";"063917915";
"131";"System and method for tracing source of chilled beef";"DONG YINGCHEN 
WANG FENGQIN 
HAN JIANMIN 
YANG JIANJUN 
YU BO 
LIANG YUFA 
DU JUNFENG 
ZENG HAO 
DONG XU 
YAN XINGHUA 
GAO SUMIN";"KERCHIN CATTLE IND NANYANG CO LTD";"CN106314999A";"2016-08-30";"B65D55/06 
B65D77/04 
B65D77/28";"B65D55/06 (CN) 
B65D77/0453 (CN) 
B65D77/28 (CN) 
B65D2203/02 (CN) 
B65D2555/025 (CN) 
B65D2577/047 (CN)";"2017-01-11";"2017-01-11";"057788511";
"132";"Article recovery control method and device";"LI JUNMIAN 
ZHOU HUSHUN";"GUANGZHOU GELI NETWORK TECH CO LTD";"CN111696254A 
CN111696254B";"2020-05-20";"G06Q10/08 
G07F7/06 
G06Q10/083 
G06Q10/0832 
G06Q10/0833";"G06Q10/08 (CN) 
G06Q10/083 (CN) 
G06Q10/0832 (CN) 
G06Q10/0833 (CN) 
G07F7/06 (CN) 
Y02W30/82 (EP) 
Y02W90/00 (EP)";"2020-09-22 
2023-07-07";"2020-09-22";"072478072";
"133";"Concrete test block full-automatic multi-layer curing process optimization method based on MES";"DU XUEGANG 
LIU CHUANKUN 
YANG JIANJIA 
ZOU SIYU 
YU ZHEN 
GU XIAOGUANG 
ZHANG HONGWEI 
MOU HONGLEI 
MENG YANG 
WANG SHUOSHI 
LIU JINGJING 
GE BIN 
LIU YABIN 
LIU QI";"JINYU CONCRETE GROUP CO LTD";"CN121608267A";"2026-01-21";"B28B1/087 
B28B11/24 
B28B17/00 
B28B7/38";"B28B1/087 (CN) 
B28B11/245 (CN) 
B28B17/0009 (CN) 
B28B7/384 (CN)";"2026-03-06";"2026-03-06";"098925108";
"134";"Energy consumption evaluation method based on life cycle of plastic packaging material";"WANG XINHUA 
HE SHUFEN";"GUANGDONG SHUNDE BAOSU PACKAGING CO LTD";"CN121189929A";"2025-09-30";"G06F18/213 
G06F18/22 
G06F18/26 
G06Q10/0639 
G06Q30/0201 
G06Q50/26";"";"2025-12-23";"2025-12-23";"098087288";
"135";"Four-in-one comprehensive rice paddy field ecological planting mode";"CUI YONGJUN 
CUI XIANGYU";"HARBIN FUWANMIN AGRICULTURAL TECH CO LTD";"CN108605737A 
CN108605737B";"2017-06-07";"A01G22/22";"";"2018-10-02 
2020-11-24";"2018-10-02";"063658764";
"136";"Waste plastic regeneration system";"FENG ZHIPING";"GUANGZHOU ZHISHUN TECH CO LTD";"CN209395085U";"2018-08-23";"B29B17/00 
B29B17/04 
B29B9/00 
B65B65/00";"Y02W30/62 (EP)";"2019-09-17";"2019-09-17";"067876304";
"137";"Express logistics co-distribution special box based on traceability technology and express logistics method";"GONG GUANGFU 
YUAN KAI 
PEI JUNCHAO 
SONG BING 
ZHANG SHOUBIAO 
LI YANHUI 
WANG JIWEI 
FAN JUN 
CHEN PENG";"ANHUI YUYU EXPRESS INTELLIGENT SCIENCE AND TECH LIMITED COMPANY 
POSTAL INDUSTRY SAFETY CENTER OF NAT POST BUREAU 
CONFIRMED INFORMATION STOCK LTD COMPANY 
UNICOM DIGITAL SCIENCE AND TECH LIMITED COMPANY 
ZHONGCAO BLENDING SCIENCE AND TECH BEIJING LIMITED COMPANY";"CN114684490A 
CN114684490B";"2022-03-29";"G06Q10/08 
B65D55/02 
C09J7/29 
G06K19/06 
G06Q10/0833";"B65D55/02 (CN) 
C09J7/29 (CN) 
G06K19/06037 (CN) 
G06Q10/0833 (CN) 
C09J2301/122 (CN) 
C09J2301/16 (CN) 
Y02W30/80 (EP)";"2022-07-01 
2023-05-09";"2022-07-01";"082141575";
"138";"Tracing and early warning method and control system for oral medical instrument";"ZHU YUANYUAN 
LI HANG 
JIE JIALE";"SHIPU INFORMATION TECH SHANGHAI CO LTD";"CN118609777A";"2024-06-05";"G06K17/00 
G06Q10/087 
G16H40/20";"G06K17/0022 (CN) 
G06Q10/087 (CN) 
G16H40/20 (CN)";"2024-09-06";"2024-09-06";"092560482";
"139";"Disposable anti-fake package material box bag and installing method thereof";"YANG LI 
LIU XING";"YANG LI 
LIU XING";"CN108820501A 
CN108820501B";"2018-08-02";"A47J31/00 
B65D25/22 
B65D51/24 
B65D55/02";"A47J31/00 (CN) 
B65D25/22 (CN) 
B65D51/245 (CN) 
B65D55/024 (CN) 
Y02W30/80 (EP)";"2018-11-16 
2024-06-28";"2018-11-16";"064152552";
"140";"Waste lithium battery pack recovery residual value evaluation system";"LAI WENFENG 
CAI XINGMING 
YAN RUGUO 
HUANG SHAOLONG 
ZHOU ZHEN";"JIANGXI MIRACLE GOLDEN TIGER COBALT CO LTD";"CN120297962A";"2025-06-11";"G06Q10/30 
G06Q30/0201 
H01M10/0525 
H01M10/54";"G06Q10/30 (CN) 
G06Q30/0206 (CN) 
H01M10/0525 (CN) 
H01M10/54 (CN) 
Y02W30/84 (EP)";"2025-07-11";"2025-07-11";"096278482";
"141";"Establishment method of intelligent logistics system for conveying auxiliary materials for tobacco production";"MA XIAOWEI 
LIU SONG 
MA WENHAI 
LI XINGCHUN 
ZHAO JIANYONG 
DONG RUI 
WANG DACHUAN";"HONGTA TOBACCO GROUP CO LTD";"CN118062522A 
CN118062522B";"2023-12-25";"B65G1/137 
B65G35/00 
B65G37/00 
B65G43/00 
B65G43/08 
G06Q10/0631 
G06Q10/083 
G06Q10/0835 
G06Q50/04";"B65G1/1373 (CN) 
B65G35/00 (CN) 
B65G37/00 (CN) 
B65G43/00 (CN) 
B65G43/08 (CN) 
G06Q10/06313 (CN) 
G06Q10/083 (CN) 
G06Q10/08355 (CN) 
G06Q50/04 (CN)";"2024-05-24 
2026-02-06";"2024-05-24";"091102957";
"142";"INTELLIGENT RECYCLING SYSTEM WITH AUTOMATED MATERIAL PROCESSING AND REWARD DISTRIBUTION";"KAVIANI BEN [US]";"KAVIANI BEN [US]";"US20260148203A1";"2024-11-23";"G06F21/40 
G06Q10/047 
G06Q10/087 
G06Q10/30 
H04L9/00";"G06F21/40 (EP,US) 
G06Q10/047 (EP,US) 
G06Q10/087 (EP,US) 
G06Q10/30 (EP,US) 
G06Q30/018 (EP) 
G06Q30/0208 (EP) 
H04L9/50 (EP,US) 
Y02W90/00 (EP)";"2026-05-28";"2026-05-28";"099885190";
"143";"Intelligent recyclable material recycling box based on spectrum recognition";"CUI YUNTIAN";"CUI YUNTIAN";"CN110980040A";"2019-11-01";"B65F1/00 
B65F1/14";"B65F1/0033 (CN) 
B65F1/1405 (CN) 
B65F2210/12 (CN) 
B65F2210/138 (CN) 
B65F2210/162 (CN)";"2020-04-10";"2020-04-10";"070082860";
"144";"Carbon index tracing method and system";"LIAN XIRUI";"SICHUAN LYUDOUYA INFORMATION TECH CO LTD";"CN117575635A 
CN117575635B";"2024-01-16";"G06F18/241 
G06N5/02 
G06Q30/018 
G06Q50/26";"G06F18/241 (CN) 
G06N5/02 (CN) 
G06Q30/018 (CN) 
G06Q50/26 (CN)";"2024-02-20 
2024-03-29";"2024-02-20";"089862871";
"145";"Efficient method applied to garbage classification";"HU ZHUXIN 
HE TAO 
LI MEIQIN 
JIN XINYUAN";"UNIV WENZHOU OUJIANG COLLEGE";"CN112907022A";"2021-01-13";"G06F16/955 
G06K7/14 
G06Q10/00 
G06Q10/06 
G06Q10/08 
G06Q30/02 
G06Q50/26";"G06Q10/0631 (CN) 
G06Q10/0832 (CN) 
G06Q10/30 (CN) 
G06Q30/0207 (CN) 
G06Q50/26 (CN) 
G06F16/9554 (CN) 
G06K7/1417 (CN) 
Y02W90/00 (EP)";"2021-06-04";"2021-06-04";"076112614";
"146";"Ternary power battery recovery carbon emission reduction benefit distribution method and device";"GAO FENG 
DU SHIWEI 
SUN BOXUE 
LIU YU 
GONG XIANZHENG 
LI XIAOQING 
CHEN WENJUAN 
ZHENG YAN 
NIE ZUOREN";"UNIV BEIJING TECHNOLOGY";"CN116664004A 
CN116664004B";"2023-06-20";"G06Q10/0639 
G06Q30/018 
G06Q50/26";"G06Q10/06393 (CN) 
G06Q30/018 (CN) 
G06Q50/26 (CN)";"2023-08-29 
2024-05-03";"2023-08-29";"087715149";
"147";"Package full life cycle tracing system based on block chain and Internet of Things";"ZHU SHENGGAN";"GUTE LAIFU INTELLIGENT TECH SHENZHEN CO LTD";"CN120634586A";"2025-06-10";"G06F16/27 
G06F21/60 
G06F21/64 
G06K17/00 
G06Q30/018 
G06Q50/26";"G06F16/27 (CN) 
G06F21/602 (CN) 
G06F21/64 (CN) 
G06K17/0022 (CN) 
G06Q30/018 (CN) 
G06Q50/26 (CN)";"2025-09-12";"2025-09-12";"096970900";
"148";"Meat product supply chain system of traceing back based on RFID, QRCode, NFC";"CHEN QINGYAO 
CHEN JINGYI 
LIN YUHONG 
QIU RONGZU";"UNIV FUJIAN AGRICULTURE & FORESTRY";"CN205644643U";"2016-03-25";"G06K17/00 
G06Q30/00";"";"2016-10-12";"2016-10-12";"057074444";
"149";"Injection molding and detection integrated non-standard automatic product processing method";"ZHANG QING 
ZHU JINLIANG 
DI KUNPENG 
YANG ZHIFEI";"SHANGHAI QINGYING AUTOMATION EQUIPMENT CO LTD";"CN120792074A";"2025-09-12";"B23K26/362 
B29C45/00 
B29C45/14 
B29C45/38 
B29C45/76 
B29C45/77 
B29C45/78 
B29C65/02";"B23K26/362 (CN) 
B29C45/0053 (CN) 
B29C45/14008 (CN) 
B29C45/382 (CN) 
B29C45/76 (CN) 
B29C45/77 (CN) 
B29C45/78 (CN) 
B29C65/02 (CN) 
B29C66/919 (CN) 
B29C66/929 (CN) 
B29C2045/0077 (CN) 
B29C2945/7629 (CN)";"2025-10-17";"2025-10-17";"097325100";
"150";"MATÉRIAU DE REVÊTEMENT SOLUBLE DANS L'EAU POUR MATÉRIAU COMPOSITE PAPIER-PLASTIQUE RECYCLABLE ET PROCÉDÉ DE PRÉPARATION ASSOCIÉ";"CUI YUEFEI [CN]";"UNIV SOUTH CHINA TECH [CN]";"WO2020052676A1";"2018-09-12";"D21H19/40 
D21H19/62";"D21H19/40 (CN) 
D21H19/44 (CN) 
D21H19/46 (CN) 
D21H19/54 (CN) 
D21H19/62 (CN) 
D21H21/14 (CN) 
D21H27/10 (CN)";"2020-03-19";"2019-03-22";"065745745";
"151";"SYSTÈME COMBINÉ AUTOMATIQUE POUR VÉRIFIER ET SUIVRE DES DÉCHETS SOLIDES À TRAVERS UN DISPOSITIF GÉOLOCALISÉ MÉCANIQUE-ÉLECTRONIQUE-TECHNOLOGIQUE";"BRANCACCIO RINO [IT]";"ECO CYRCLE SYSTEM S R L [IT]";"EP3246883A1";"2016-05-19";"G06Q20/14 
G06Q30/02 
G07F17/00 
G07F7/06";"G06Q20/145 (EP) 
G07F17/0035 (EP) 
G07F7/06 (EP)";"2017-11-22";"2017-11-22";"056511513";
"152";"PROCÉDÉ DE PRISE EN CHARGE DE LA GÉNÉRATION DE NOUVELLES CAPACITÉS DE RECYCLAGE OU AUGMENTATION DE CAPACITÉS DE RECYCLAGE EXISTANTES DANS UN RÉSEAU DÉCENTRALISÉ";"GRAF DR NICOLE [DE] 
BADRI TARA [US] 
ORTIZ RENE [US] 
VINAS RAFAEL SELVAGGIO [BR]";"BASF SE [DE]";"WO2024104906A1";"2022-11-15";"G06Q20/06 
G06Q20/38";"G06Q10/30 (EP) 
G06Q20/06 (EP) 
G06Q20/065 (EP) 
G06Q20/36 (EP) 
G06Q20/389 (EP) 
G06Q30/0279 (EP) 
Y02W90/00 (EP)";"2024-05-23";"2024-05-23";"088863376";
"153";"Retired lithium battery recycling method and system, computer equipment and storage medium";"SHEN WANGWANG 
LI YUANYI 
LIU HAILONG 
XU ZHENGYU 
YE YONGWANG";"CHINA CONSTRUCTION SCIENCE AND INDUSTRY GROUP SMART PARKING TECH CO LTD";"CN121726583A 
CN121726583B";"2026-02-25";"H01M10/54";"Y02W30/84 (EP)";"2026-03-24 
2026-05-29";"2026-03-24";"099115749";
"154";"Intelligent mask recycling method";"JIANG XINYU 
MA YIMING 
ZHANG CHUNMING";"ZHANG CHUNMING";"CN114589185A";"2021-10-22";"A61L11/00 
A61L2/10 
A61L2/18 
A61L2/24 
A61L2/26 
B09B3/00 
B09B3/35 
B09B101/65";"A61L11/00 (CN) 
A61L2/10 (CN) 
A61L2/18 (CN) 
A61L2/24 (CN) 
A61L2/26 (CN) 
A61L2202/14 (CN)";"2022-06-07";"2022-06-07";"081804212";
"155";"BATTERY RECYCLING METHOD";"PUDAS JARMO [FI] 
ERKKILA ARTO [FI] 
VILJAMAA JARMO [FI]";"PUDAS JARMO [FI] 
ERKKILA ARTO [FI] 
VILJAMAA JARMO [FI] 
AKKUSER LTD [FI]";"US2013313345A1 
US8979006B2";"2010-03-16";"H01M10/54 
H01M6/52 
B02B5/02 
B02C17/02";"H01M10/54 (EP,US) 
H01M6/52 (EP,US) 
Y02W30/84 (EP,US)";"2013-11-28 
2015-03-17";"2011-09-22";"044146838";
"156";"Full-automatic biochemical analyzer based on traceability system";"MA MINGQING";"MA MINGQING";"CN113911517A";"2021-09-03";"B01D36/02 
B65D25/10 
B65D25/24 
B65D81/07 
B65D85/68";"B01D36/02 (CN) 
B65D25/101 (CN) 
B65D25/107 (CN) 
B65D25/24 (CN) 
B65D81/07 (CN) 
B65D85/68 (CN) 
Y02W30/80 (EP)";"2022-01-11";"2022-01-11";"079233993";
"157";"Efficient degradation method of refractory plastic based on enzyme catalysis";"JIANG CHUNLIN 
HUANG YULEI 
FANG JIANI";"WURUI NEW MATERIAL TECH JIANGSU CO LTD";"CN121779783A";"2026-03-04";"C08G83/00 
C08J11/10 
C08L101/16 
C12N11/089";"C08G83/008 (CN) 
C08J11/105 (CN) 
C12N11/089 (CN) 
C08J2300/16 (CN) 
Y02W30/62 (EP)";"2026-04-03";"2026-04-03";"099236988";
"158";"Baijiu product carbon label management method and system";"YUAN QINGMAO 
WU YUEFEI 
LI PEIJIE";"SHANXI XINGHUACUN FEN JIU GROUP CO LTD";"CN121745714A";"2025-12-25";"G06Q10/0637 
G06Q10/10 
G06Q50/04 
G06Q50/26";"";"2026-03-27";"2026-03-27";"099147523";
"159";"Concrete waste recovery method and system based on freeze-thaw cycle cracking";"XIAO LIN 
HE YAWEN 
WANG HONGJUAN 
WEI XING";"UNIV SOUTHWEST JIAOTONG";"CN120901064A";"2025-09-24";"B03C1/30 
B09B3/00 
B09B3/35 
B09B5/00";"B03C1/30 (CN) 
B09B3/00 (CN) 
B09B3/35 (CN) 
B09B5/00 (CN) 
Y02W30/58 (EP)";"2025-11-07";"2025-11-07";"097555194";
"160";"Imitated metal deposition product";"LI HAIKUAN 
ZOU YAOBANG 
ZHOU LIQUAN";"YIBIN PLASTIC PACKAGING MATERIALS CO LTD SICHUAN";"CN203639540U";"2013-12-09";"C08J7/04 
C23C14/20 
C23C14/24 
G06K19/067";"";"2014-06-11";"2014-06-11";"050870801";
"161";"Community garbage throwing classification method";"WANG QUANLIU 
MIN XIANGYUN";"SHANGHAI ZITONG TECH CO LTD";"CN119059129A";"2024-09-05";"B65F1/00 
B65F1/14";"B65F1/0033 (CN) 
B65F1/14 (CN) 
B65F2210/138 (CN) 
B65F2210/184 (CN) 
Y02W30/10 (EP)";"2024-12-03";"2024-12-03";"093631355";
"162";"Building solid waste high-quality recycled aggregate regeneration method";"FENG DAKUO 
CHEN LU 
YE YUSHAN 
SHEN SHIHAO 
XIA JIYONG 
CHEN JING 
ZENG FENGJUAN";"CHINA CONSTR 7TH ENG DIVISION CORP LTD";"CN121017202A";"2025-10-23";"B09B3/00 
B09B3/30 
B09B3/35 
B09B3/40";"B09B3/00 (CN) 
B09B3/30 (CN) 
B09B3/35 (CN) 
B09B3/40 (CN)";"2025-11-28";"2025-11-28";"097772617";
"163";"Preparation process of hair dyeing earmuff capable of preventing hair dye from permeating";"WANG YONG 
ZHANG QING";"XIONGXIAN WANGDA PLASTIC PACKAGING PRODUCTS CO LTD";"CN121912613A";"2026-01-13";"A45D44/12 
B29B13/06 
B29B13/10 
B29B9/06 
B29B9/12 
B29C37/00 
B29C37/02 
B29C48/00 
B29C48/92 
B29C69/00 
B32B27/08 
B32B27/18 
B32B27/32 
B32B3/24 
B32B33/00";"A45D44/12 (CN) 
B29B13/065 (CN) 
B29B13/10 (CN) 
B29B9/06 (CN) 
B29B9/12 (CN) 
B29C37/00 (CN) 
B29C37/02 (CN) 
B29C48/0021 (CN) 
B29C48/0022 (CN) 
B29C48/92 (CN) 
B29C69/001 (CN) 
B32B27/065 (CN) 
B32B27/08 (CN) 
B32B27/18 (CN) 
B32B27/32 (CN) 
B32B3/266 (CN) 
B32B33/00 (CN) 
B29C2037/90 (CN) 
B32B2250/246 (CN) 
B32B2260/046 (CN) 
B32B2266/0221 (CN) 
B32B2307/724 (CN) 
B32B2307/7265 (CN)";"2026-04-24";"2026-04-24";"099493102";
"164";"PCBA intelligent warehouse management method";"DENG XIUPING 
LI YANCHAO 
YE QING 
XU YANPING 
JIAN LIQUN";"TIANJIN YATAI ELECTRONICS CO LTD";"CN121766891A";"2025-12-18";"G06Q10/087 
G06Q50/04 
G06V10/10 
G06V10/25";"";"2026-03-31";"2026-03-31";"099186677";
"165";"Intelligent weighing equipment of medical waste recovery cabinet and use method of intelligent weighing equipment";"LI PENG 
YANG GUANCHAO 
LAN TUANBAO 
LUO LIWEI";"SHENZHEN SUPER BOX INTELLIGENT TECH CO LTD";"CN120397528A";"2025-06-05";"B65F1/06 
B65F1/14 
B65F1/16";"B65F1/06 (CN) 
B65F1/14 (CN) 
B65F1/16 (CN) 
B65F2210/167 (CN) 
B65F2210/176 (CN) 
B65F2210/184 (CN)";"2025-08-01";"2025-08-01";"096508248";
"166";"Tracing method and system for agricultural mulching film";"ZHANG RUOYU 
XU GUANGDONG 
ZHAI ZHIQIANG 
WANG JING 
LYU JIDONG 
MIAO LUPENG 
WANG SIYUAN";"UNIV SHIHEZI";"CN118537029A";"2024-05-20";"G06K19/06 
G06K19/077 
G06Q30/018";"G06K19/06037 (CN) 
G06K19/07749 (CN) 
G06Q30/0185 (CN)";"2024-08-23";"2024-08-23";"092385659";
"167";"DISPOSITIF DE TRAITEMENT D'INFORMATIONS, SYSTÈME DE TRAITEMENT D'INFORMATIONS, PROCÉDÉ DE TRAITEMENT D'INFORMATIONS, ET PROGRAMME";"SUYAMA NARITA KOTOMI [JP] 
MIKI NANAMI [JP] 
SATOU KANETOMO [JP] 
SHINDO CHIKAKO [JP]";"SEKISUI CHEMICAL CO LTD [JP]";"EP4645190A1 
EP4645190A4";"2022-12-27";"G06Q10/30";"G06Q10/30 (EP) 
G06Q30/018 (EP) 
G06Q50/04 (EP) 
G06Q2220/00 (EP) 
Y02W30/62 (EP)";"2025-11-05 
2026-03-04";"2024-07-04";"091717918";
"168";"Cigarette production waste classification and automatic recovery system and method";"CHEN ENBO 
DONG GUANGJUN 
MA SHIXIN 
YU BAOYI 
LI XINGKE 
GUO KAI 
CHEN YUANCHAO";"HUBEI CHINA TOBACCO IND CO LTD";"CN111882083A";"2020-07-16";"G06Q10/00 
G06Q50/04";"G06Q10/30 (CN) 
G06Q50/04 (CN) 
Y02P90/30 (EP) 
Y02W90/00 (EP)";"2020-11-03";"2020-11-03";"073154944";
"169";"公路建设废料智能分拣与再生利用协同优化方法";"";"";"CN122114548A";"2026-04-22";"G05B19/05 
G06F18/22 
G06F18/2433 
G06F18/27 
G06F30/27 
G06N20/20 
G06N3/0464 
G06N3/098 
G06N5/01 
G06Q10/0631";"";"2026-05-29";"2026-05-29";"099910254";
"170";"Forming equipment and production line for corrugated pipe production based on plastic waste regeneration";"ZHANG YINGYING 
ZHANG ZHENCHAO";"QINGDAO FULEWEI MACHINERY TECH CO LTD";"CN121447847A";"2025-12-10";"B29C33/44 
B29C33/46 
B29C48/00 
B29C48/13 
B29C48/25 
B29C48/30";"B29C33/442 (CN) 
B29C33/46 (CN) 
B29C48/0022 (CN) 
B29C48/13 (CN) 
B29C48/25 (CN) 
B29C48/303 (CN)";"2026-02-03";"2026-02-03";"098584327";
"171";"Recycling component polyethylene";"DEBRUYNE BRUCE ROGER 
BETTING DARRYL 
SLEVINSKY DAVID EUGENE 
WU XIANCHUN 
ECKARDT MICHAEL PAUL 
LANGE DAVID MILTON 
EDENS AARON NATHANIEL";"EASTMAN CHEM CO";"CN115397902A";"2020-04-13";"C08F10/02 
C08F2/34 
C08F2/38 
C08J11/10 
C08J11/12 
C08L23/04";"C08F10/02 (EP,KR,US) 
C08F2/01 (KR) 
C08F2/34 (KR,US) 
C08F2/38 (KR) 
C08J11/10 (EP,KR) 
C08J11/12 (US) 
C08J11/24 (KR) 
C08J2323/06 (US) 
C08J2323/08 (EP,KR) 
Y02W30/62 (EP,KR)";"2022-11-25";"2021-10-21";"078085138";
"172";"METHOD FOR TRACEABILITY OF RAW MATERIALS, COMPONENTS, OBJECTS, AND PRODUCTS EXPOSED TO HARSH OPERATIONAL CONDITIONS IN INDUSTRY";"KAYALAR METE [TR] 
DEMIR SERRA [TR]";"COSMODOT INC [US]";"US12242922B2 
US2023306218A1";"2022-03-25";"G06K19/06 
G06K7/14";"G06K19/06037 (EP,US) 
G06K7/1417 (EP,US) 
G06K7/1443 (EP,US) 
G06K7/1473 (EP,US) 
G06K7/1482 (EP,US)";"2023-09-28 
2025-03-04";"2023-09-28";"088096023";
"173";"Efficient sterilization equipment for vacuum soft plastic packaged zongzi";"DONG FENGYU 
WU HAIJUN 
TANG ZHINUO";"CHENGDU WUFANGZHAI FOOD CO LTD";"CN120477235A";"2025-07-01";"A23B2/33 
A23B2/37 
A23B2/80 
A23L5/20 
A23L7/126 
F25D31/00";"";"2025-08-15";"2025-08-15";"096670078";
"174";"Regenerated polypropylene composite material as well as preparation method and application thereof";"JIANG WENYUAN 
WANG GANG 
SHAO ZHIJIE";"ORINKO ADVANCED PLASTICS CO LTD";"CN121182068A";"2025-11-25";"C08K3/34 
C08K5/00 
C08K9/10 
C08L23/0807 
C08L23/12";"";"2025-12-23";"2025-12-23";"098216182";
"175";"Concrete formulation and products manufactured therefrom";"JAMIE TODD [GB] 
THOMAS TODD [GB] 
EMILY KATE HALL [GB] 
GRACE DINAH FILDER [GB]";"MJT RECYCLING LTD [GB] 
DELTA INNOVATIONS LLC [AE]";"GB2602870A 
GB2602870B";"2020-11-04";"B29B9/00 
C04B16/04 
C04B18/04 
C04B18/18 
C04B20/00";"B29B9/00 (GB) 
C04B16/04 (GB) 
C04B18/04 (GB) 
C04B18/18 (GB) 
C04B18/20 (EP) 
C04B18/22 (EP) 
C04B20/0016 (GB) 
C04B28/04 (EP) 
C04B18/20, C04B20/0008, C04B20/0076, INV (EP)       
C04B28/04, C04B14/28, C04B18/20, C04B40/0608, INV (EP)      ";"2022-07-20 
2024-06-05";"2022-05-12";"073776531";
"176";"Circulating meal box recycling box";"LI XUDAN 
SONG QINGHAO 
ZHANG DI 
YANG JIAXING";"BAIBAOXIANG SHENYANG INTERNET OF THINGS TECH CO LTD";"CN222409557U";"2024-05-21";"B65F1/14 
B65F7/00";"Y02W30/10 (EP)";"2025-01-28";"2025-01-28";"094349330";
"177";"Circulating meal box recycling box";"LI XUDAN 
SONG QINGHAO 
ZHANG DI 
YANG JIAXING";"BAIBAOXIANG SHENYANG INTERNET OF THINGS TECH CO LTD";"CN118494992A";"2024-05-21";"B65F1/14 
B65F7/00";"B65F1/14 (CN) 
B65F7/00 (CN) 
B65F2210/172 (CN) 
Y02W30/10 (EP)";"2024-08-16";"2024-08-16";"092234014";
"178";"一种芯片封装装置及芯片封装方法";"";"";"CN121985766A";"2026-02-10";"H10P72/00 
H10P72/50 
H10W70/05 
H10W72/00 
H10W74/01 
H10W95/00";"";"2026-05-05";"2026-05-05";"099601273";
"179";"Cellulose ester compositions derived from recycled plastic content syngas";"SHEPPARD RONALD BUFORD 
TRAPP WILLIAM LEWIS";"EASTMAN CHEM CO";"CN113396164A 
CN113396164B";"2019-02-04";"C08B1/00 
C08B16/00 
C08B3/00 
C08B3/06 
C08J11/22";"C08B3/06 (EP,US) 
C08B3/16 (EP) 
C08B3/18 (EP,US) 
C08J11/12 (EP)";"2021-09-14 
2023-09-29";"2020-08-06";"071835960";
"180";"Intelligent butyronitrile glove packaging system with true and false identification and source tracing functions";"WU WEIZHEN 
FENG WENCHENG";"HUIZHOU ANBOCHEN TECH CO LTD";"CN121921035A";"2025-11-18";"B65B61/26 
G06Q10/0635 
G06Q10/0639 
G06Q30/018 
G06Q50/04";"B65B61/26 (CN) 
G06Q10/0635 (CN) 
G06Q10/06395 (CN) 
G06Q30/0185 (CN) 
G06Q50/04 (CN) 
Y02P90/30 (EP)";"2026-04-24";"2026-04-24";"099492493";
"181";"Safety tool destroying device, safety tool destroying method and controller";"WANG YIBO 
XIE XIN 
ZHU FANWEN 
MA XUEYUN 
DING ZHANHU 
MA DEJUN 
KANG SHUQIN 
HE BIN 
SHI PING'AN 
PENG XIN 
HE LIANTONG 
KOU YUHU 
XU ZHENGPENG 
HU SHENGLONG";"HAIBEI POWER SUPPLY COMPANY STATE GRID QINGHAI ELECTRIC POWER COMPANY 
STATE GRID QINGHAI ELECTRIC POWER CO";"CN120940351A";"2025-06-25";"B02C21/00 
B02C23/14 
B03C1/30 
B09B3/35 
B09B3/40 
B29B17/02 
B09B101/00";"B02C21/00 (CN) 
B02C23/14 (CN) 
B03C1/30 (CN) 
B09B3/35 (CN) 
B09B3/40 (CN) 
B29B17/02 (CN) 
B09B2101/00 (CN) 
B29B2017/0237 (CN)";"2025-11-14";"2025-11-14";"097613698";
"182";"Garbage monitoring and tracing system based on RFID technology";"WANG DONGSHENG 
LAI JIYUN 
ZHENG SHUHUI";"GUANGDONG BEIKONG DIGITAL INFORMATION CO LTD";"CN116306743A";"2023-03-15";"G06K17/00 
G06Q50/26";"G06K17/0029 (CN) 
G06Q50/26 (CN)";"2023-06-23";"2023-06-23";"086799075";
"183";"一种飞机拆解材料的差异化回收方法及系统";"";"";"CN121972482A";"2026-03-18";"B09B3/00 
B09B3/30 
B09B3/35 
B09B3/40 
B09B5/00 
B29B17/00 
B29B17/02 
B29B9/06 
C22B7/00";"";"2026-05-05";"2026-05-05";"099607437";
"184";"Lunch box recycling and checking device";"MA XINLONG";"SHENZHEN FAST FOOD INFORMATION TECH LIMITED COMPANY";"CN216211068U";"2021-09-28";"G06K17/00 
G06Q30/00";"";"2022-04-05";"2022-04-05";"080927615";
"185";"SANITARY BAG FOR MEDICAL USE";"ALFONSO INÈS [FR]";"CLEANIS [FR]";"US12594207B2 
US2025195308A1";"2023-12-15";"A61G9/00";"A61F5/44 (EP) 
A61F5/451 (EP) 
A61G9/00 (US) 
A61F2005/4402 (EP) 
A61F5/4407 (EP)";"2025-06-19 
2026-04-07";"2025-06-18";"090123847";
"186";"Self-adaptive high-speed coding method and system";"ZENG XIONGWEI 
XIONG JIAN 
YIN LIANG 
ZHANG ZHIGUO 
ZHONG JINGHUA 
HU HAIFEI 
GUO SONG 
ZHANG MING 
LIU ZHIYU";"BEIJING ISEDA ZHIHENG DATA TECH CO LTD 
SHANGHAI TONGJI ELECTRO MECHANIC TECH CO LTD";"CN115991055A 
CN115991055B";"2023-01-16";"B41J29/393 
B41J3/01 
B41J3/407 
B41J3/44 
B41M5/00 
B65B61/26 
G06K7/14";"Y02P90/30 (EP)";"2023-04-21 
2023-07-07";"2023-04-21";"085990039";
"187";"Bottle and can recycling device for garbage recycling bin";"ZAI LINGLIN";"SHANDONG TAIYUE ENVIRONMENTAL PROT EQUIPMENT CO LTD";"CN213110883U";"2020-07-06";"B65F1/10 
B65F1/14";"";"2021-05-04";"2021-05-04";"075675366";
"188";"Anti-tamper RFID electronic tag for beef cattle traceability";"YI LI 
FU XUEJIAN";"SICHUAN JIXINGHAI SOFTWARE TECH CO LTD";"CN213876815U";"2021-07-09";"G06K19/077";"";"2021-08-03";"2021-08-03";"077046249";
"189";"Digital traceability method and system for marine wastes";"DAI ZHENGBO 
QIN XILU 
QIAN XIAOYAN 
ZHENG YUNMING 
LIU ZHEN 
ZHENG YANXIA 
CHEN XIAO 
WANG XUFEN 
MAO YUANYUAN 
CHEN RONG 
LIU BINYAN";"ZHEJIANG HUANXIN ENV AUTOMATIC DETECTION CO LTD";"CN120071160A 
CN120071160B";"2025-04-28";"G06N3/04 
G06N3/08 
G06V10/24 
G06V10/44 
G06V10/764 
G06V10/774 
G06V10/82 
G06V20/10";"G06N3/04 (CN) 
G06N3/08 (CN) 
G06V10/24 (CN) 
G06V10/44 (CN) 
G06V10/764 (CN) 
G06V10/774 (CN) 
G06V10/82 (CN) 
G06V20/10 (CN)";"2025-05-30 
2025-08-01";"2025-05-30";"095790075";
"190";"Method for evaluating influence of electric heavy truck on environment sustainable development capability";"WU DAN 
CHEN RUIRUI 
LIU SHU 
LI LILI 
CHEN RAN 
MI RONGWEI 
SHI SHANSHAN";"STATE GRID SHANGHAI MUNICIPAL ELECTRIC POWER CO 
SICHUAN ENERGY INTERNET RESEARCH INSTITUTE OF TSINGHUA UNIV";"CN120765052A";"2025-06-25";"G06Q10/0637 
G06Q10/083 
G06Q50/26";"G06Q10/06375 (CN) 
G06Q10/0838 (CN) 
G06Q50/26 (CN)";"2025-10-10";"2025-10-10";"097238549";
"191";"CONVERSION OF WASTE PLASTIC LIQUIFIED BY ADDITION OF A SOLVENT IN FLUIDIZED CATALYTIC CRACKER TO PRODUCE PARA-XYLENE";"SLIVENSKY DAVID EUGENE [US] 
BITTING DARYL [US] 
COLLINS NICK ALLEN [US] 
POLASEK MICHAEL GARY [US] 
WU XIANCHUN [US]";"EASTMAN CHEM CO [US]";"US20260035628A1";"2022-08-03";"C08J11/18 
C10G35/04 
C10G47/30 
C10G69/10";"C08J11/12 (EP) 
C08J11/18 (US) 
C10B53/07 (EP) 
C10G1/002 (EP) 
C10G1/10 (EP) 
C10G11/18 (EP) 
C10G35/00 (EP) 
C10G35/04 (US) 
C10G45/58 (EP) 
C10G47/00 (EP) 
C10G47/30 (US) 
C10G55/04 (EP) 
C10G55/06 (EP) 
C10G63/08 (EP) 
C10G69/04 (EP) 
C10G69/08 (EP) 
C10G69/10 (US) 
C10G9/36 (EP) 
C08J11/24 (EP) 
C08J2323/02 (EP) 
C08J2367/02 (EP) 
C10G2300/1003 (EP,US) 
C10G2400/02 (US) 
C10G2400/30 (EP,US)";"2026-02-05";"2024-02-08";"087571303";
"192";"Industrial carbon integral evaluation accounting method for park peak reaching path";"XU SHASHA 
DONG JIANQIANG 
LIU JUANYU 
WANG SIJUE 
WEI CHEN 
WU HAIPENG 
LI XINYUE 
LI YONGQING 
ZHANG LI 
ZHANG LAIDONG 
LIU XIAOJING 
MAO ZHEN 
CHEN YING 
HAN SHUWANG 
LI LIN 
LI SHUAIYAN 
ZHANG JIAN 
JIANG LINCHENG";"TIANJIN RICHSOFT ELECTRIC POWER INFORMATION TECH CO LTD 
STATE GRID INFORMATION & TELECOMMUNICATION CO LTD";"CN121329446A";"2025-08-29";"G06Q10/0639 
G06Q30/018 
G06Q50/26";"";"2026-01-13";"2026-01-13";"098331620";
"193";"Intelligent sorting and recycling system suitable for community garbage";"LIN WENQI 
GUO ZICHENG 
XIE XIE";"HUANCHUANG XIAMEN TECH CO LTD";"CN211077166U";"2019-09-16";"B65F1/00 
B65F1/14";"Y02W30/10 (EP)";"2020-07-24";"2020-07-24";"071629188";
"194";"Procédé d'échange de données entre différents intervenants d'une organisation de collecte de déchets";"SAINDRENAN BERNARD [FR] 
CAMBE DIDIER [FR]";"PLASTIC OMNIUM CIE [FR]";"EP1842802A1 
EP1842802B1";"2006-04-03";"B65F1/14";"B65F1/1484 (EP)";"2007-10-10 
2016-03-09";"2007-10-05";"037635788";
"195";"SYSTÈME ET PROCÉDÉ DE GESTION DU RECYCLAGE";"SIRA MARTINEZ ENRIQUE [ES] 
PÉREZ LLEBOT DANIEL EDUARDO [ES] 
MUÑOZ RODRÍGUEZ MICHEL [ES] 
TROYA VIDAL ALEJANDRO MIGUEL [ES]";"SIRA MARTINEZ ENRIQUE [ES]";"EP3579157A1";"2018-06-05";"G06Q10/00 
G06Q10/08";"G06Q10/08 (EP) 
G06Q10/30 (EP) 
Y02W90/00 (EP)";"2019-12-11";"2019-12-11";"062716006";
"196";"Garbage treatment system for shipbuilding and treatment method thereof";"CHENG SHI";"ZHOUSHAN YULONG SHIP ENG CO LTD";"CN120696201A 
CN120696201B";"2025-05-15";"B07C5/34 
B07C5/342 
B07C5/36 
B09B5/00 
B25J9/16 
G06N3/0464 
G06V10/46 
G06V10/54 
G06V10/56 
G06V10/764 
G06V10/82 
G06V20/64";"B07C5/34 (CN) 
B07C5/3416 (CN) 
B07C5/3422 (CN) 
B07C5/362 (CN) 
B09B5/00 (CN) 
B25J9/1664 (CN) 
G06V10/46 (CN) 
G06V10/54 (CN) 
G06V10/56 (CN) 
G06V10/764 (CN) 
G06V10/82 (CN) 
G06V20/64 (CN) 
B07C2501/0054 (CN) 
B07C2501/0063 (CN) 
G06N3/0464 (CN)";"2025-09-26 
2026-04-03";"2025-09-26";"097113386";
"197";"Medical waste recycling system and data storage method thereof";"LIU CHANGWEI 
MENG XIANGBAO 
CUI CHENGJIANG";"GUANGDONG HUIFU INFORMATION TECH CO LTD";"CN111661531A 
CN111661531B";"2020-06-05";"B65F1/14 
B65F7/00 
B65F9/00 
G06Q10/00 
G16H40/20";"B65F1/14 (CN) 
B65F7/00 (CN) 
B65F9/00 (CN) 
G06Q10/30 (CN) 
G16H40/20 (CN) 
B65F2210/138 (CN) 
B65F2210/184 (CN) 
Y02W90/00 (EP)";"2020-09-15 
2022-07-19";"2020-09-15";"072386497";
"198";"Aluminum profile extrusion production process for shower machining";"ZHENG YIFEI";"WENZHOU ZHENGBA SANITARY WARE CO LTD";"CN121776283A";"2026-02-24";"B21C23/14 
B21C29/00 
B21C31/00 
B21C35/02 
B21C43/00";"B21C23/142 (CN) 
B21C29/00 (CN) 
B21C29/003 (CN) 
B21C31/00 (CN) 
B21C35/023 (CN) 
B21C43/00 (CN)";"2026-04-03";"2026-04-03";"099231871";
"199";"DISPOSITIF DE RECYCLAGE";"AKINCI AKIN [TR] 
ÖZSOY MURAT [TR] 
ÖZSOY NESLIHAN [TR]";"SAKARYA UENIVERSITESI REKTOERLUEGUE [TR]";"WO2025071516A1";"2023-09-26";"B09B3/20 
B29B17/00 
F16L9/128";"B09B3/20 (EP) 
B29B17/0005 (EP) 
B09B2101/50 (EP) 
B09B2101/75 (EP) 
B09B3/32 (EP) 
B29K2105/06 (EP) 
B29K2309/08 (EP) 
F16L9/128 (EP)";"2025-04-03";"2024-05-21";"095201955";
"200";"WASTE PLASTIC PYROLYSIS VAPORS AND RESIDUE AS FEEDSTOCK TO FLUIDIZED CATALYTIC CRACKER";"COLLINS NICK ALLEN [US] 
BITTING DARYL [US] 
POLASEK MICHAEL GARY [US] 
SLIVENSKY DAVID EUGENE [US] 
WU XIANCHUN [US]";"EASTMAN CHEM CO [US]";"US20260035627A1";"2022-08-03";"C08G63/183 
C10G69/08";"C08G63/183 (US) 
C10G1/002 (EP) 
C10G1/10 (EP) 
C10G11/18 (EP) 
C10G35/00 (EP) 
C10G45/58 (EP) 
C10G47/00 (EP) 
C10G55/04 (EP) 
C10G55/06 (EP) 
C10G63/08 (EP) 
C10G69/04 (EP) 
C10G69/08 (EP,US) 
C10G9/36 (EP) 
C10B53/07 (EP) 
C10G2300/1003 (EP,US) 
C10G2300/807 (US) 
C10G2400/02 (US) 
C10G2400/30 (EP,US)";"2026-02-05";"2024-02-08";"087570953";
"201";"Negative-pressure down filling room";"WANG RUNBANG 
WANG RUNJI 
WANG LILI 
WANG HONG 
CHEN SHANGBIAO";"TAMBOR GROUP PLC";"CN121672400A";"2025-12-01";"B68G7/06 
G01D21/02 
G05D27/02";"";"2026-03-17";"2026-03-17";"099027954";
"202";"Medical waste recycling garbage bin based on sterilization and data storage method thereof";"LIU CHANGWEI 
MENG XIANGBAO 
CUI CHENGJIANG";"GUANGDONG HUIFU INFORMATION TECH CO LTD";"CN111661518A 
CN111661518B";"2020-06-05";"B65F1/14 
B65F7/00";"B65F1/14 (CN) 
B65F7/00 (CN) 
B65F2210/138 (CN) 
B65F2210/184 (CN)";"2020-09-15 
2022-07-19";"2020-09-15";"072386307";
"203";"Textile recycling plant (Machine-translation by Google Translate, not legally binding)";"GUTIÉRREZ PÉREZ FRANCISCO JAVIER [ES]";"HORIZONTE WTS 2030 SOLUCIONES INTEGRALES S L [ES]";"ES1280270U 
ES1280270Y";"2021-09-13";"B09B3/00 
B29B17/02 
D06B23/00";"Y02W30/62 (EP)";"2021-10-28 
2022-01-19";"2021-10-28";"078203827";
"204";"Semi-automatic medicine bottle tagging and identifying all-in-one machine";"CHEN BING 
LIU WENCHAO";"WUHAN WISAN ZHIHUI MEDICAL TECH DEVELOPMENT CO LTD";"CN121849489A";"2026-02-05";"B65C9/18 
B65C9/42 
G06K17/00 
G06K19/06 
G06K19/077 
G06K7/10 
G06Q30/018";"B65C9/18 (CN) 
B65C9/42 (CN) 
G06K17/0022 (CN) 
G06K19/06009 (CN) 
G06K19/077 (CN) 
G06K7/10 (CN) 
G06Q30/018 (CN) 
Y02P90/30 (EP)";"2026-04-14";"2026-04-14";"099376583";
"205";"PROCÉDÉ ET SYSTÈME POUR LA TRAÇABILITÉ D'UN PRODUIT DANS UN RÉSEAU DE CHAÎNE D'APPROVISIONNEMENT";"C VIDYASHANKAR [IN] 
RAJAGOPALAN AISHVARYA [IN]";"C VIDYASHANKAR [IN] 
RAJAGOPALAN AISHVARYA [IN]";"WO2021234561A2 
WO2021234561A3";"2020-05-18";"G06K9/62 
G06Q10/08";"G06Q10/08 (EP) 
G06Q10/0833 (EP) 
G06Q30/018 (EP)";"2021-11-25 
2022-01-06";"2021-11-25";"078709103";
"206";"Paper cup reutilization convertible seedling raising container system, biodegradable barrier coating composition and seedling raising kit";"";"DBC NEW MATERIAL TECH SHANGHAI CO LTD 
BOTAN SHANGHAI BIOLOGICAL MAT CO LTD 
ZHONGKE LIANHUA CO LTD 
RING COATINGS LTD 
DBC GROUP CO LTD";"CN121694147A 
CN121694147B";"2026-02-13";"A01C1/04 
A01G24/15 
A01G24/22 
A01G24/25 
A01G31/02 
A01G9/029 
A01G9/08 
B08B9/08 
C09D167/04 
C09D7/65 
D21H19/20 
D21H19/28 
D21H21/14";"Y02W90/10 (EP)";"2026-03-20 
2026-04-17";"2026-03-20";"099065601";
"207";"RECYCLING METHOD AND TAGGANT FOR A RECYCLABLE PRODUCT";"SUTTON PHILIP [GB]";"SUTTON PHILIP [GB]";"KR20260038300A";"2018-03-21";"B07C5/34 
B07C5/342 
B07C5/36 
B29B17/00 
B29B17/02 
G06Q10/30 
G06V10/82";"B07C5/3412 (EP,GB,KR,US) 
B07C5/342 (GB,KR,US) 
B09B3/00 (KR) 
B29B17/02 (EP,GB,KR,US) 
B29B17/0412 (KR) 
G06N3/0464 (EP) 
G06N3/08 (US) 
G06N3/09 (EP) 
G06Q10/0833 (GB) 
G06Q30/018 (GB,US) 
G06V10/82 (EP) 
G06V20/60 (EP) 
B07C2501/0054 (US) 
B29B17/0412 (EP) 
B29B2017/0089 (EP,KR) 
B29B2017/0203 (EP) 
B29B2017/0213 (EP,KR) 
B29B2017/0224 (EP) 
B29B2017/0265 (EP) 
B29B2017/0279 (EP,GB) 
B29B2017/0282 (EP,GB) 
B29B2017/0468 (KR) 
B29B2017/0484 (EP) 
B29L2031/7158 (EP) 
G06K7/1413 (US) 
G06K7/1417 (US) 
Y02W30/20 (KR) 
Y02W30/52 (EP,GB,KR) 
Y02W30/62 (EP,GB,KR) 
Y02W30/80 (GB) 
Y02W90/00 (EP)";"2026-03-18";"2019-09-25";"062017868";
"208";"Multifunctional medical waste recycling bin";"WANG XIANG 
CAI NA 
LI YONGQING";"TIANJIN HAIHE HOSPITAL";"CN215157894U";"2021-06-24";"B65F1/00 
B65F1/14 
B65F1/16";"";"2021-12-14";"2021-12-14";"079382623";
"209";"Method for evaluating remanufacturing access period of engineering mechanical arm rest class structure";"YANG MINGLIANG 
XU GENING 
HAN XIAOJUN 
DONG QING 
CHANG ZHENGYAN";"UNIV TAIYUAN SCIENCE & TECH";"CN103838931A 
CN103838931B";"2014-03-10";"G06F17/50";"";"2014-06-04 
2017-08-29";"2014-06-04";"050802422";
"210";"METHOD FOR CONVERTING MELTED OR DISSOLVED WASTE PLASTIC IN A FLUIDIZED CATALYTIC CRACKER AND/OR IN A HYDROCRACKING UNIT";"SLIVENSKY DAVID EUGENE [US] 
BITTING DARYL [US] 
COLLINS NICK ALLEN [US] 
POLASEK MICHAEL GARY [US] 
WU XIANCHUN [US]";"EASTMAN CHEM CO [US]";"US20260042717A1";"2022-08-03";"C07C4/06 
C10G11/18 
C10G55/06";"C07C4/06 (US) 
C08J11/12 (EP) 
C10B53/07 (EP) 
C10G1/002 (EP) 
C10G1/10 (EP) 
C10G11/18 (EP,US) 
C10G35/00 (EP) 
C10G45/58 (EP) 
C10G47/00 (EP) 
C10G55/04 (EP) 
C10G55/06 (EP,US) 
C10G63/08 (EP) 
C10G69/04 (EP) 
C10G69/08 (EP) 
C10G9/36 (EP) 
C08J2323/02 (EP) 
C10G2300/1003 (EP,US) 
C10G2400/02 (EP) 
C10G2400/06 (EP,US) 
C10G2400/10 (EP) 
C10G2400/30 (EP)";"2026-02-12";"2024-02-08";"087570913";
"211";"Full-automatic rice-milling vending machine";"HE BOFENG 
QIN JIAN 
WANG YUBIN";"LIAONING WEIXIAN TECH CO LTD";"CN105719397A";"2016-01-25";"B02B5/02 
G07F13/04";"B02B5/02 (CN) 
G07F13/04 (CN)";"2016-06-29";"2016-06-29";"056155376";
"212";"Sustainability evaluation method and system for sustainable aviation fuel";"XIA ZUXI 
YANG ZHIYUAN 
ZHOU NING 
HU XIAOJIA 
DONG YIYUAN 
ZENG PING 
WANG BIYAO 
QIAN JING";"CIVIL AVIATION SECOND INSTITUTE CHENGDU SUSTAINABLE AVIATION FUEL TECH CO LTD";"CN120655320A";"2025-05-26";"G06Q30/018 
G06Q50/26";"G06Q30/018 (CN) 
G06Q50/26 (CN)";"2025-09-16";"2025-09-16";"097007340";
"213";"RECYCLING SYSTEM FOR DISCARDED FOOD";"TAKAHASHI SHIGERU 
MIYAJIMA SHOJI 
NAGAO SHIGEYUKI 
YAGUCHI HIROHARU 
WATANABE TAKANORI 
YAKOU HIROYUKI 
YAMAGUCHI HIDEKAZU";"MAEKAWA SEISAKUSHO KK 
AGRI GAIA SYSTEM CO LTD 
YAMAGUCHI HIDEKAZU";"JP2008284461A";"2007-05-17";"B09B3/00 
C05F9/00";"Y02A40/20 (EP) 
Y02E50/30 (EP) 
Y02P60/87 (EP) 
Y02W30/40 (EP)";"2008-11-27";"2008-11-27";"040144692";
"214";"Tank special for garbage collection";"XIE ZHAOXIAN 
XU YA 
WU XIAOYU 
SONG YUBO 
ZHANG WENJING 
XIAO CHANGHAN 
XIN PEILIN";"CURVUFUN NORMAL UNIV";"CN216375984U";"2021-10-29";"B65F1/00 
B65F1/14";"";"2022-04-26";"2022-04-26";"081250272";
"215";"Storage structure for hardware recovery and safety box for hard disk recovery";"GAO WENZHONG 
WANG LEILEI 
ZHANG FENG";"HANGZHOU DONGCHENG ELECTRONIC CO LTD";"CN222774871U";"2024-07-09";"G07F7/06";"";"2025-04-18";"2025-04-18";"095350312";
"216";"COMPUTER-IMPLEMENTED METHOD FOR DETERMINING A SUSTAINABILITY SCORE";"LEED MARINA GRACE DICKENS [DE] 
TUERKOGLU GAZI [DE] 
KELLER WILHELM [DE] 
SOLFRANK MARTINA [DE] 
KELLER ROBERT ANTHONY [US] 
REICH OILVER [DE] 
LEINO CALLEJA DAVID [RU] 
HOH LI NOI LILIAN [DE] 
KUHN OLIVER [DE] 
SATHYANARAYANA SHYAM SUNDAR [DE] 
PAHNKE KAI [DE] 
ELTZE TOBIAS [DE] 
BEIL CHRISTIAN [DE]";"BASF SE [DE]";"US2024013128A1";"2020-11-20";"G06K19/06 
G06K7/10 
G06Q10/0639 
G06Q10/30 
H04L9/00";"B29B17/00 (EP,KR) 
G06K19/06037 (KR,US) 
G06K7/10 (KR,US) 
G06Q10/06393 (KR,US) 
G06Q10/0833 (EP) 
G06Q10/30 (EP,KR,US) 
G06V10/7715 (KR) 
H04L9/50 (KR) 
B29B2017/0089 (EP,KR) 
Y02W30/62 (EP,KR) 
Y02W90/00 (EP,KR)";"2024-01-11";"2022-05-27";"073543173";
"217";"METHOD FOR RECYCLING LITHIUM BATTERIES";"HANISCH CHRISTIAN [DE] 
ELWERT TOBIAS [DE] 
BRÜCKNER LISA [DE]";"DUSENFELD GMBH [DE]";"US12018350B2 
US2021032721A1";"2018-01-30";"C22B1/00 
C22B21/00 
C22B26/12 
C22B3/00 
C22B3/26 
C22B47/00 
C22B7/00 
H01M10/54 
C22B3/08";"C01B32/205 (CN) 
C22B1/005 (US) 
C22B1/06 (EP,KR) 
C22B15/0063 (CN) 
C22B21/0023 (CN,US) 
C22B23/04 (CN) 
C22B23/0407 (EP,KR,US) 
C22B23/0453 (US) 
C22B26/12 (EP,CN,KR,US) 
C22B3/08 (KR,US) 
C22B3/26 (EP,US) 
C22B47/00 (CN) 
C22B47/0045 (EP,KR,US) 
C22B7/006 (CN) 
C22B7/007 (EP,KR,US) 
H01M10/54 (EP,CN,KR,US) 
Y02P10/20 (EP,US) 
Y02W30/84 (EP,US)";"2021-02-04 
2024-06-25";"2019-07-31";"062091762";
"218";"Ecological circulation method for feeding and fattening pigs";"HU ANXUE";"SICHAUN DICHEN AGRICULTURAL LTD LIABILITY COMPANY";"CN105325366A";"2015-10-30";"A01K67/02 
A01K67/033 
A23K10/30 
A23K10/38 
A23K50/30 
C12G3/02 
C12H6/02";"A01K67/02 (CN) 
A01K67/30 (CN) 
C12G3/02 (CN) 
C12H6/02 (CN) 
Y02P60/87 (EP)";"2016-02-17";"2016-02-17";"055276357";
"219";"A FOOD PACKAGE RECYCLING APPARATUS AND METHOD";"EGIDI SARA [IT] 
BORELLI GABRIELE [IT] 
TROVATO BATTAGLIOLA RICCARDO [IT]";"TETRA LAVAL HOLDINGS & FINANCE [CH]";"US12039503B2 
US2022188777A1";"2019-03-29";"G06Q10/00 
G06K19/07 
G06Q10/30";"G06K19/0723 (US) 
G06Q10/08 (EP) 
G06Q10/30 (EP,US) 
Y02W90/00 (EP)";"2022-06-16 
2024-07-16";"2020-09-30";"066049012";
"220";"Tracing lock, lock bolt, article tracing system and method";"TIAN XIAOPING";"TIAN XIAOPING";"CN102831820A";"2012-08-02";"G06K7/00 
G06Q10/08 
G06Q50/30 
G09F3/03";"";"2012-12-19";"2012-12-19";"047334923";
"221";"SINGLE BODY PLUG WITH SELF-DRILLING SYSTEM (Machine-translation by Google Translate, not legally binding)";"VARELA ELENA JONATHAN [ES]";"VARELA ELENA JONATHAN [ES]";"ES1301863U 
ES1301863Y";"2023-01-09";"B65D39/08 
B65D41/38 
B65D41/58";"B65D39/08 (EP) 
B65D41/38 (EP) 
B65D41/58 (EP) 
B65D47/06 (EP) 
B65D5/74 (EP)";"2023-07-12 
2023-10-03";"2023-07-12";"087071157";
"222";"Intelligent environment-friendly garbage classifying and recycling system and method for recycling and classifying garbage by using same";"HUANG MENGYAO";"HANGZHOU REASHENG ENV PROT TECH CO LTD";"CN105730930A";"2016-02-04";"B65F1/08 
B65F1/14";"B65F1/006 (CN) 
B65F1/085 (CN) 
B65F1/14 (CN) 
B65F2210/108 (CN) 
B65F2210/128 (CN) 
B65F2210/129 (CN) 
B65F2210/138 (CN) 
B65F2210/164 (CN) 
B65F2210/176 (CN)";"2016-07-06";"2016-07-06";"056245576";
"223";"Waste recycling transaction method and system";"CHEN RONGJI";"TIANJIN CITY MINE TECH GROUP CO LTD";"CN121937114A";"2026-01-15";"B07C5/16 
B07C5/34 
G01G19/414 
G06F16/953 
G06Q10/30 
G06Q20/10 
G06Q20/22 
G06Q20/38 
G06Q30/0202 
G06Q30/0283";"B07C5/16 (CN) 
B07C5/34 (CN) 
G01G19/4144 (CN) 
G06Q10/30 (CN) 
G06Q20/102 (CN) 
G06Q20/223 (CN) 
G06Q20/389 (CN) 
G06Q30/0206 (CN) 
G06Q30/0283 (CN) 
B07C2501/0054 (CN) 
G06F16/953 (CN) 
Y02W90/00 (EP)";"2026-04-28";"2026-04-28";"099529120";
"224";"100% biodegradable garbage bag with traceable two-dimensional code identifier and production method";"LI SHUANGLI";"QINGDAO ZHOUSHI PLASTIC PACKING CO LTD";"CN110698819A";"2019-10-18";"C08J5/18 
C08L3/08 
C08L67/02 
C08L67/04 
C09D11/30 
C09D11/38";"C08J5/18 (CN) 
C09D11/30 (CN) 
C09D11/38 (CN) 
C08J2367/02 (CN) 
C08J2403/08 (CN) 
C08J2467/04 (CN)";"2020-01-17";"2020-01-17";"069200569";
"225";"Thermoplastic elastomer material and production process thereof";"WANG GUIJUN 
WANG SHI";"NANJING VINT NEW MAT CO LTD";"CN118126499A";"2024-05-08";"C08L21/00 
C08L25/06 
C08L67/00 
C08L77/00 
C08L91/06";"C08L67/00 (CN) 
C08L2201/08 (CN) 
C08L2207/04 (CN) 
C08L67/00, C08L77/00, C08L25/06, C08L91/06, C08L21/00, INV (CN)      ";"2024-06-04";"2024-06-04";"091244405";
"226";"Carbon cycle integrated management platform service system";"LIN XUAN-LONG [TW]";"CARBON RECYCLE APPLIED MATERIALS CO LTD [TW]";"TWM672581U";"2025-01-14";"G06Q10/30 
G06Q50/00";"";"2025-07-11";"2025-07-11";"097226844";
"227";"Classification ball domestic waste treatment system and method";"SONG XIN";"BEIJING SHUIJIE TECH CO LTD";"CN111266390A";"2020-03-13";"B09B3/00 
B09B5/00";"B09B3/00 (CN) 
B09B5/00 (CN)";"2020-06-12";"2020-06-12";"070993147";
"228";"Automatic packaging and stacking integrated system";"LI HAIMING";"HANGZHOU YONGCHENG PACKAGING TECH CO LTD";"CN121348869A";"2025-10-11";"B65G47/90 
B65G47/91 
B65G57/04 
B65G57/22 
B65G61/00 
G05B19/042 
G06F30/27 
G06N3/0442 
G06N3/092 
G06N3/126 
G06F111/06 
G06F111/18";"B65G47/905 (CN) 
B65G47/917 (CN) 
B65G57/04 (CN) 
B65G57/22 (CN) 
B65G61/00 (CN) 
G05B19/0423 (CN) 
G06F30/27 (CN) 
G06N3/0442 (CN) 
G06N3/092 (CN) 
G06N3/126 (CN) 
G05B2219/25257 (CN) 
G06F2111/06 (CN) 
G06F2111/18 (CN)";"2026-01-16";"2026-01-16";"098396956";
"229";"Centralized feeding system for central feeding system";"WU BENGUI";"LINGHAO INTELLIGENT TECH NINGBO CO LTD";"CN120962948A 
CN120962948B";"2025-09-09";"B29B13/02 
B29B17/00 
B29C45/17 
B29C45/18 
B29C45/76";"B29B13/022 (CN) 
B29B17/0005 (CN) 
B29C45/17 (CN) 
B29C45/1753 (CN) 
B29C45/18 (CN) 
B29C45/76 (CN) 
B29C2945/76832 (CN) 
B29C2945/76973 (CN)";"2025-11-18 
2026-04-28";"2025-11-18";"097652423";
"230";"Device and method for recycling used cooking oil";"LIN HSIU-AN [TW] 
LIN HSIU AN [TW]";"LIN HSIU AN [TW]";"TW202349268A 
TWI829191B";"2022-06-09";"C08J11/00 
C11B13/00 
F24C15/20 
G06F30/27 
G06K19/10";"";"2023-12-16 
2024-01-11";"2023-12-16";"090039146";
"231";"PRÉFORME ET CONTENANT EN MATIÈRE PLASTIQUE";"DEMIR ADEM [AT]";"ALPLA WERKE ALWIN LEHNER GMBH & CO KG [AT]";"EP3833521A1 
EP3833521B1 
EP3833521C0";"2018-08-10";"B29C49/00 
B29B11/08 
B29B11/14 
B29C49/06 
B29L31/00 
B29C45/00 
B29C49/10";"B28B11/08 (CH) 
B29B11/14 (EP,CH) 
B29C45/006 (EP) 
B29C49/00 (CH) 
B29C49/06 (EP) 
B29C49/071 (EP) 
B65D1/023 (CH) 
B29B11/08 (EP) 
B29C2049/023 (EP) 
B29C2795/00 (EP) 
B29C2949/0715 (EP) 
B29C2949/0723 (EP) 
B29C2949/0724 (EP) 
B29C2949/0732 (EP) 
B29C2949/0733 (EP) 
B29C2949/0778 (EP) 
B29C2949/0793 (EP) 
B29C2949/08 (EP) 
B29C2949/0825 (EP) 
B29C2949/0826 (EP) 
B29C2949/22 (EP) 
B29C2949/24 (EP) 
B29C2949/26 (EP) 
B29C2949/28 (EP) 
B29C49/10 (EP) 
B29L2031/7282 (EP)";"2021-06-16 
2023-08-23";"2020-02-14";"063406999";
"232";"Container with Transponder";"LOSSAU HARALD [DE]";"DYNAMIC SYSTEMS GMBH [DE]";"US2010032437A1";"2004-12-17";"B65D90/00 
G06K19/077 
G06K7/01";"B01L3/545 (EP,US) 
B01L3/5453 (EP,US) 
B65D23/14 (EP,US) 
B01L2300/022 (EP,US) 
B01L2300/024 (EP,US) 
B65D2203/10 (EP,US)";"2010-02-11";"2006-06-29";"035789373";
"233";"Screw cold heading forming process";"PENG JUN 
LIU XIAONING 
WU QIXIN";"YUANTUO PREC MACHINERY SHANGHAI CO LTD";"CN120715159A";"2025-07-10";"B21J5/00 
B21J5/06 
B21J5/08 
B21K1/56";"B21J5/002 (CN) 
B21J5/06 (CN) 
B21J5/08 (CN) 
B21K1/56 (CN)";"2025-09-30";"2025-09-30";"097156441";
"234";"Meat food supply chain tracing method based on RFID, QRCode and NFC";"QIU RONGZU 
LIN YUHONG 
LIN YUYING 
CHEN QINGYAO";"UNIV FUJIAN AGRICULTURE & FORESTRY";"CN105868995A 
CN105868995B";"2016-03-25";"G06K17/00 
G06Q30/00";"G06K17/0022 (CN) 
G06Q30/018 (CN)";"2016-08-17 
2021-05-28";"2016-08-17";"056624854";
"235";"Product drainage anti-counterfeiting/tracing joint sales system";"CHEN MINGFA";"ATMOVIE HAINAN ARTIFICIAL INTELLIGENCE LTD COMPANY";"CN216249309U";"2021-05-08";"G06K19/06 
G06Q30/00 
G06Q30/02";"B65B61/20 (CN) 
B65D23/14 (CN) 
B65D25/205 (CN) 
G06K17/00 (CN) 
G06K19/06 (CN) 
G06Q30/0185 (CN)";"2022-04-08";"2021-12-21";"078914187";
"236";"Old clothes recycling box with bag distributing function";"WANG HONGJIE 
SHI HUI 
ZHONG QIUTING 
CHEN SINI 
MA ZIXIU";"GUANGZHOU HUASHANG COLLEGE";"CN220925192U";"2023-08-10";"B65F1/00 
B65F1/14";"";"2024-05-10";"2024-05-10";"090941559";
"237";"METHOD FOR RECYCLING LITHIUM BATTERIES";"HANISCH CHRISTIAN [DE] 
ELWERT TOBIAS [DE] 
BRÜCKNER LISA [DE]";"DUESENFELD GMBH [DE]";"US12412941B2 
US2022320619A1";"2019-07-26";"C22B15/00 
C22B26/12 
C22B3/00 
C22B47/00 
C22B7/00 
H01M10/0525 
H01M10/54";"C22B1/005 (EP,IL,KR) 
C22B15/0071 (IL,US) 
C22B23/043 (IL,KR,US) 
C22B23/0484 (IL,US) 
C22B26/12 (IL,US) 
C22B3/02 (EP,IL,KR) 
C22B3/08 (IL,KR) 
C22B3/22 (IL,KR) 
C22B3/42 (IL,KR) 
C22B47/0063 (IL,US) 
C22B47/0081 (IL,US) 
C22B7/007 (EP,IL,KR,US) 
H01M10/0525 (IL,US) 
H01M10/54 (IL,US) 
Y02P10/20 (EP) 
Y02W30/84 (EP,IL)";"2022-10-06 
2025-09-09";"2021-02-04";"067688724";
"238";"A transportation box for fresh and alive aquatic thing";"HU HAINA";"HU HAINA";"CN206923528U";"2017-07-03";"A01K63/02 
A01K63/04";"";"2018-01-26";"2018-01-26";"061353469";
"239";"Control method and system for injection molding of plastic flowerpot";"ZHANG LEI";"WENAN XIANGZHE PLASTIC PRODUCTS CO LTD";"CN121062159A";"2025-08-19";"B29C45/76 
G05B19/404 
G06F18/15 
G06F18/213 
G06F18/2135";"";"2025-12-05";"2025-12-05";"097848231";
"240";"Express packaging structure";"YANG ZHENHUA 
CUI XUYAN 
ZHANG YUEXIA 
LI ZHONGPING 
ZHANG QUANXI 
YANG XINTONG 
FAN XIAOPENG 
GUO ZHIKAI 
SHUANG SHAOMIN 
DONG CHUAN";"UNIV SHANXI";"CN220577866U";"2023-07-12";"B65D25/20 
B65D55/02";"Y02W30/80 (EP)";"2024-03-12";"2024-03-12";"090118184";
"241";"ガスメーターのリサイクルシステム";"";"";"JP7851066B1";"2025-03-26";"B09B3/00 
C08J11/12";"";"2026-04-24";"2026-04-24";"099516747";
"242";"Labeling structure for medical plastic utensil";"WANG JUN";"YANCHENG JINWO MEDICAL TECHNOLOGY CO LTD";"CN104139905A";"2014-07-15";"B65D1/40 
B65D23/08 
B65D25/34";"";"2014-11-12";"2014-11-12";"051849266";
"243";"DISPOSITIF ET PROCÉDÉ DE SUIVI ET DE COMMANDE DE MATÉRIAUX USAGÉS, RÉCUPÉRÉS ET RECYCLÉS";"RICO SUAREZ RICARDO ANDRÉS [CO]";"RICO SUAREZ RICARDO ANDRES [CO]";"WO2023166337A1";"2022-03-03";"G06Q10/30 
G06T7/00 
G06V30/00";"B07C5/08 (EP) 
B07C5/34 (EP) 
B09B3/00 (EP) 
B23P19/00 (EP) 
G06F17/00 (EP) 
G06F7/00 (EP) 
G06Q10/00 (EP) 
G06Q10/10 (EP) 
G06Q10/30 (EP) 
G06Q30/02 (EP) 
G06T7/00 (EP) 
G06V30/00 (EP) 
Y02W90/00 (EP)";"2023-09-07";"2022-05-10";"081393205";
"244";"一种基于AI交互的可移动塑料容器回收核算系统及方法";"";"";"CN122022783A 
CN122022783B";"2026-04-13";"G06N3/045 
G06Q10/047 
G06Q10/30";"";"2026-05-12 
2026-06-19";"2026-05-12";"099677842";
"245";"Method for marking material for authentication and/or traceability of said material";"LAURENSON MATHIEU 
POMPON DENIS 
DABOUSSI FAIZA 
GALY OLIVIER";"INST NAT DE LA RECH AGRONOMIQUE INRA 
CENTRE NAT RECH SCIENT 
INSTITUT NAT DES SCIENCES APPLIQUEES DE TOULOUSE";"CN120641572A";"2022-11-29";"B82Y30/00 
C12Q1/6806";"C12Q1/6806 (EP,KR) 
B82Y30/00 (EP) 
C12Q2527/125 (KR) 
C12Q2527/156 (KR) 
C12Q2563/185 (EP,KR) 
C12Q1/6806, C12Q2527/125, C12Q2527/156, C12Q2563/185, INV (EP)      ";"2025-09-12";"2024-06-05";"084766984";
"246";"Centrifugal machine full-life-cycle intelligent operation and maintenance system based on edge calculation";"SHI TING 
LI CHENYI 
WANG KAI 
ZHANG YULING 
ZHOU BO 
ZHANG ZIXUAN 
XUE ZIQI 
QIAO JUNFEI";"UNIV BEIJING TECHNOLOGY";"CN121659286A";"2025-11-22";"G01D21/02 
G01M99/00 
G06F18/2433 
G06F18/25 
G06F18/40 
G06F9/50 
H04L67/12";"G01D21/02 (CN) 
G01M99/00 (CN) 
G01M99/005 (CN) 
G01M99/008 (CN) 
G06F18/2433 (CN) 
G06F18/253 (CN) 
G06F18/40 (CN) 
G06F9/5072 (CN) 
H04L67/12 (CN)";"2026-03-13";"2026-03-13";"098997096";
"247";"METHOD FOR RECYCLING LITHIUM BATTERIES";"HANISCH CHRISTIAN [DE] 
ELWERT TOBIAS [DE] 
BRÜCKNER LISA [DE]";"DUESENFELD GMBH [DE]";"US20260081249A1";"2022-01-19";"C22B15/00 
C22B26/12 
C22B3/00 
C22B47/00 
C22B7/00 
H01M10/0525 
H01M10/54";"C22B15/0071 (EP,US) 
C22B23/043 (EP,US) 
C22B23/0484 (EP,US) 
C22B26/12 (EP,US) 
C22B47/0063 (EP,US) 
C22B47/0081 (EP,US) 
C22B7/007 (EP,US) 
H01M10/0525 (EP,US) 
H01M10/54 (EP,US) 
Y02W30/84 (EP)";"2026-03-19";"2026-03-19";"099060197";
"248";"利用废弃塑料制备高密度结构泡沫的方法及装置";"";"";"CN122185469A";"2026-04-03";"B29B17/00 
B29B17/04 
B29C44/02 
B29C44/34 
B29C44/60";"";"2026-06-12";"2026-06-12";"100047423";
"249";"Cable defective product management method and system and storage medium";"HUANG ZHENKUN";"LTK ELECTRIC WIRE HUIZHOU LTD 
HUIZHOU LTK ELECTRONIC CABLE CO LTD 
SHENZHEN WOER WIRE & CABLE TECH CO LTD 
SHENZHEN WOER HEAT SHRINKABLE MATERIAL CO LTD 
LTK ELECTRIC WIRE CHANGZHOU LTD";"CN110188988A";"2019-04-19";"G06Q10/06";"G06Q10/06395 (CN)";"2019-08-30";"2019-08-30";"067714896";
"250";"HEAT SEALED RPET NON-WOVEN WOVEN BAG (Machine-translation by Google Translate, not legally binding)";"MONTANES GUTIERREZ JORGE VALERIANO [ES]";"DISENOS Y APLICACIONES DEL NO TEJIDO SL [ES]";"ES1300476U 
ES1300476Y";"2023-04-25";"B65D30/02 
B65D33/06";"Y02W30/80 (EP)";"2023-06-12 
2023-09-01";"2023-06-12";"086688968";
"251";"Kiosk For Recycling Electronic Devices";"BOWLES MARK VINCENT [US] 
TULLIE THOMAS L [US] 
BEANE JOHN ANDREW [US] 
PLOETNER JEFF [US] 
MILLER JOHN [US] 
VESCO NEIL [US]";"BOWLES MARK VINCENT [US] 
TULLIE THOMAS L [US] 
BEANE JOHN ANDREW [US] 
PLOETNER JEFF [US] 
MILLER JOHN [US] 
VESCO NEIL [US] 
ECO ATM INC [US] 
ECOATM LLC [US]";"US10055798B2 
US2012191562A1";"2008-10-02";"G06Q10/00 
G06Q30/00 
G06Q30/02 
G06Q30/08 
G06Q50/00 
G07F7/06 
H04M1/02 
H04M1/24";"G06Q10/00 (EP,US) 
G06Q10/30 (EP,US) 
G06Q30/00 (EP,US) 
G06Q30/0278 (EP,US) 
G06Q30/08 (EP,US) 
G06Q50/00 (EP,US) 
G07F7/06 (EP,US) 
H04M1/0287 (EP,US) 
H04M1/24 (EP,US) 
Y02W90/00 (EP,US)";"2012-07-26 
2018-08-21";"2012-07-26";"046969519";
"252";"Method for recycling identification codes";"RITTER RUDOLF [CH]";"SWISSCOM MOBILE AG [CH]";"US2006032917A1";"2004-08-16";"G05B19/00 
G06K17/00 
G06Q30/00 
G08B13/14";"G06K17/00 (EP,US)";"2006-02-16";"2006-02-16";"034929450";
"253";"Method for the management of the recycling of domestic used vegetable oil (Machine-translation by Google Translate, not legally binding)";"MERIDA AGUILERA ANTONIO [ES]";"MERIDA AGUILERA ANTONIO [ES]";"ES2570455A1 
ES2570455B1";"2014-11-17";"B65D25/38 
B65F1/12 
B65F1/14";"B65D25/38 (ES) 
B65F1/12 (ES) 
B65F1/14 (ES)";"2016-05-18 
2017-03-03";"2016-05-18";"055955287";
"254";"Label pasting structure of medical plastic utensil";"WANG JUN";"YANCHENG JINWO MEDICAL TECHNOLOGY CO LTD";"CN203902976U";"2014-06-13";"B65D1/40 
B65D23/08 
B65D25/34";"";"2014-10-29";"2014-10-29";"051777263";
"255";"Intelligence environmental protection trash classification recycling system";"HUANG MENGYAO";"HANGZHOU RUISHENG ENV PROT SCIENCE AND TECH CO LTD";"CN205526064U";"2016-02-04";"B65F1/14";"";"2016-08-31";"2016-08-31";"056776979";
"256";"Waste plastics regeneration system";"FENG ZHIPING";"GUANGZHOU ZHISHUN TECH CO LTD";"CN108972954A";"2018-08-23";"B29B17/00 
B29B17/04 
B29B9/00 
B65B65/00";"B29B17/00 (CN) 
B29B17/04 (CN) 
B29B9/00 (CN) 
B65B65/003 (CN) 
B29B2017/0015 (CN) 
Y02W30/52 (EP) 
Y02W30/62 (EP)";"2018-12-11";"2018-12-11";"064548126";
"257";"System and method for realizing reverse logistics in field of recycling of renewable resources";"YANG GUANGZE 
CHANG TAO";"BEIJING YINGCHUANG GAOKE NEW TECHNOLOGY DEV CO LTD";"CN104318421A 
CN104318421B";"2014-11-20";"G06Q10/08 
G06Q50/26 
G06F17/00";"G06Q10/08 (CN) 
G06Q50/26 (CN)";"2015-01-28 
2018-01-19";"2015-01-28";"052373649";
"258";"Scraped car disassembling method and device and storage medium";"ZHU WENJIN";"CHINA TELECOM DIGITAL INTELLIGENCE TECHNOLOGY CO LTD";"CN115730959A";"2022-12-13";"G06Q30/02 
G06Q50/04";"Y02W90/00 (EP)";"2023-03-03";"2023-03-03";"085301200";
"259";"Intelligent full-automatic kitchen garbage classification treatment station and kitchen garbage classification treatment method";"LI HUA";"SHANGHAI TUOCE ELECTRONIC TECH CO LTD";"CN111646046A 
CN111646046B";"2020-07-13";"B65F1/00 
B65F1/14";"B65F1/006 (CN) 
B65F1/14 (CN) 
B65F1/1405 (CN) 
B65F2210/12 (CN) 
B65F2210/128 (CN) 
B65F2210/138 (CN) 
B65F2210/14 (CN) 
B65F2210/162 (CN) 
B65F2210/169 (CN) 
Y02W30/10 (EP)";"2020-09-11 
2024-12-24";"2020-09-11";"072341330";
"260";"电缆物料全生命周期管理系统及方法";"";"";"CN122022289A";"2026-01-16";"G06F18/243 
G06Q10/0631 
G06Q10/0635 
G06Q10/0639";"";"2026-05-12";"2026-05-12";"099693572";
"261";"Kiosk For Recycling Electronic Devices";"LIBRIZZI MICHAEL [US] 
BOWLES MARK VINCENT [US] 
TULLIE THOMAS L [US] 
BEANE JOHN ANDREW [US] 
PLOETNER JEFF [US] 
MILLER JOHN [US] 
VESCO NEIL [US]";"LIBRIZZI MICHAEL [US] 
BOWLES MARK VINCENT [US] 
TULLIE THOMAS L [US] 
BEANE JOHN ANDREW [US] 
PLOETNER JEFF [US] 
MILLER JOHN [US] 
VESCO NEIL [US]";"US2013311318A1";"2008-10-02";"G06Q10/00";"G06Q10/00 (EP,US) 
G06Q10/30 (EP,US) 
G06Q30/00 (EP,US) 
G06Q30/0237 (EP,US) 
G06Q30/0278 (EP,US) 
G06Q50/00 (EP,US) 
G07F7/06 (EP) 
H04M1/0287 (EP,US) 
H04M1/24 (EP,US) 
Y02W90/00 (EP,US)";"2013-11-21";"2013-11-21";"049582103";
"262";"PERFECTIONNEMENTS AUX CAISSES, CAGEOTS ET CAGETTES, EN BOIS, PLIABLES ET DEPLIABLES";"LEUVREY BERNARD ABEL ANDRE [FR]";"LEUVREY BERNARD ABEL ANDRE [FR]";"FR3016160A1";"2014-01-07";"B65D6/20";"B65D9/14 (EP)";"2015-07-10";"2015-07-10";"050483084";
"263";"Apparatus And Method For Recycling Mobile Phones";"LIBRIZZI MICHAEL [US] 
BOWLES MARK [US] 
DUBEN AHRON [US]";"LIBRIZZI MICHAEL [US] 
BOWLES MARK [US] 
DUBEN AHRON [US] 
ECOATM INC [US]";"US2012254046A1";"2008-10-02";"G06Q10/00 
G06Q30/00 
G06Q50/00";"G06Q10/00 (EP,US) 
G06Q10/30 (EP,CN) 
G06Q30/00 (EP,US) 
G06Q30/0237 (EP,CN,US) 
G06Q30/0278 (EP,CN,US) 
G06Q50/00 (EP,CN,US) 
G07F7/06 (EP,US) 
H04M1/0287 (EP,CN,US) 
H04M1/24 (EP,US) 
Y02W30/82 (EP,US) 
Y02W90/00 (EP,US)";"2012-10-04";"2010-09-09";"044649779";
"264";"Automatic medicine selling terminal";"LI HONGYE";"HENAN KAIGE TECH CO LTD";"CN223757120U";"2025-01-09";"G07F11/16 
G07F11/24 
G07F11/26";"";"2026-01-02";"2026-01-02";"098206579";
"265";"Closed recovery identification system";"CHEN QINGLING";"CHEN QINGLING";"CN116463763A";"2022-01-11";"B29B17/02 
C08J11/06 
C08L67/00 
D01G11/04 
D02G3/02 
G06Q50/04";"B29B17/02 (CN) 
C08J11/06 (CN) 
D01G11/04 (CN) 
D02G3/02 (CN) 
G06Q50/04 (CN) 
C08J2367/00 (CN)";"2023-07-21";"2023-07-21";"087182959";
"266";"RECYCLAGE DE RÉSIDU DE MATÉRIAU COMPRENANT DES MATÉRIAUX POLYMÈRES";"GRAF NICOLE [DE] 
BREJC ANDREJ [DE] 
SURI MAMTA [DE] 
MAJER MARCO RAINER [DE] 
WENDLING TIMO [DE]";"BASF SE [DE]";"WO2025108764A1";"2023-11-20";"B29B17/02 
G06Q10/06 
G06Q10/08 
G06Q10/0833 
G06Q10/087 
G06Q10/30 
G06Q30/018 
G06Q50/04 
H04L9/00";"B29B17/02 (EP) 
G06Q10/06 (EP) 
G06Q10/0833 (EP) 
G06Q10/30 (EP) 
G06Q30/018 (EP) 
G06Q50/04 (EP) 
B29B2017/0203 (EP)";"2025-05-30";"2025-05-30";"088874883";
"267";"Circuit board production method through automatic pressing and profiling";"DENG HUI 
JI HUI 
FAN XICHAO";"SHENZHEN SUNTAK MULTILAYER PCB";"CN106604551A";"2016-12-19";"H05K3/00";"H05K3/0014 (CN) 
H05K3/0044 (CN) 
H05K3/0055 (CN) 
H05K2203/0235 (CN) 
H05K2203/025 (CN)";"2017-04-26";"2017-04-26";"058599575";
"268";"Reusable packaging bag, using method, transportation tool and strength testing method";"ZHANG XIAODONG";"ZHANG XIAODONG";"CN112849710A";"2020-12-11";"B65D30/02 
B65D33/00 
B65D81/18";"B65D29/00 (CN) 
B65D33/004 (CN) 
B65D81/18 (CN) 
Y02W30/80 (EP)";"2021-05-28";"2021-05-07";"075703642";
"269";"Preparation method for processing and carbonizing traditional Chinese medicine";"WEI XINCUN 
REN JIAJUN";"WEI XINCUN";"CN121177432A";"2025-09-28";"A23C9/13 
A23L27/50 
A23L33/10 
A23P10/30 
A61K33/08 
A61K36/076 
A61K36/752 
A61K36/815 
A61K36/8945 
A61K36/8967 
A61K36/8994 
A61K36/9068 
A61K8/9728 
A61K8/9789 
A61K8/9794 
A61P1/04 
A61Q11/00";"";"2025-12-23";"2025-12-23";"098088753";
"270";"Mini-Kiosk For Recycling Electronic Devices";"BOWLES MARK VINCENT [US]";"ECOATM INC [US]";"US2013191236A1 
US9881284B2";"2008-10-02";"G06Q10/00 
G06Q30/08 
G06Q30/02 
H04M1/02 
H04M1/24";"G06Q10/30 (EP,US) 
G06Q30/0278 (EP,US) 
G06Q30/08 (US) 
G07F7/06 (EP) 
H04M1/0287 (EP,US) 
H04M1/24 (EP,US) 
Y02W90/00 (EP,US)";"2013-07-25 
2018-01-30";"2013-07-25";"048798020";
"271";"Household garbage four-classification management system and method, electronic equipment and storage medium";"CUI PANXIU 
JIN TAO";"JINAN LYUCHENG WEILAI ENVIRONMENTAL PROTECTION TECH CO LTD";"CN120689036A";"2025-07-01";"G06F16/29 
G06Q10/10 
G06Q10/30 
G06Q50/22 
G06Q50/26 
H04L67/1095 
H04L67/12 
H04L9/40";"G06F16/29 (CN) 
G06Q10/103 (CN) 
G06Q10/30 (CN) 
G06Q50/22 (CN) 
G06Q50/26 (CN) 
H04L63/08 (CN) 
H04L63/105 (CN) 
H04L67/1095 (CN) 
H04L67/12 (CN) 
Y02W30/82 (EP)";"2025-09-23";"2025-09-23";"097075317";
"272";"Marine plastic garbage collection and disposal method, system and equipment";"CHEN YAHONG 
CHEN GUANGHUI 
FANG MIN 
HE WEI 
ZHOU YIFAN";"ZHEJIANG LANJING TECH CO LTD";"CN117035750A 
CN117035750B";"2023-07-20";"E02B15/10 
G06F16/29 
G06F21/31 
G06F21/64 
G06Q10/0631 
G06Q10/067 
G06Q10/30 
G06Q50/26 
H04L67/125 
H04L67/52";"E02B15/10 (CN) 
G06F16/29 (CN) 
G06F21/31 (CN) 
G06F21/64 (CN) 
G06Q10/0631 (CN) 
G06Q10/067 (CN) 
G06Q10/30 (CN) 
G06Q50/26 (CN) 
H04L67/125 (CN) 
H04L67/52 (CN)";"2023-11-10 
2024-03-26";"2023-11-10";"088601416";
"273";"Intelligent identity marking and recognizing device suitable for Internet of Things management and control and used for poultry growth cycle";"ZHANG YANJUN 
YANG TIAN 
GAO LONGQIN 
MIAO HONG 
GE WENJUN 
ZHANG SHANWEN 
LIU JIAWEI 
LIU SIXING 
ZHAO JIAHAO 
ZHOU WEI";"UNIV YANGZHOU";"CN110800639A 
CN110800639B";"2019-12-12";"A01K35/00";"A01K35/00 (CN)";"2020-02-18 
2024-11-22";"2020-02-18";"069493027";
"274";"KIOSK FOR RECYCLING ELECTRONIC DEVICES";"BOWLES MARK VINCENT [US] 
TULLIE THOMAS L [US] 
BEANE JOHN ANDREW [US] 
PLOETNER JEFF [US] 
MILLER JOHN [US] 
VESCO NEIL [US]";"ECOATM LLC [US] 
ECOATM INC [US]";"US11935138B2 
US2022027879A1";"2008-10-02";"G06Q20/18 
G06Q10/00 
G06Q10/30 
G06Q30/00 
G06Q30/02 
G06Q30/08 
G06Q50/00 
G07F7/06 
H04M1/02 
H04M1/24";"G06Q10/00 (EP,US) 
G06Q10/30 (EP,US) 
G06Q20/18 (EP) 
G06Q30/00 (EP,US) 
G06Q30/0278 (EP,US) 
G06Q30/08 (EP,US) 
G06Q50/00 (EP,US) 
G07F7/06 (EP,US) 
H04M1/0287 (EP,US) 
H04M1/24 (EP,US) 
Y02W90/00 (EP,US)";"2022-01-27 
2024-03-19";"2019-10-24";"068236969";
"275";"FRACTAL NUTRITION AND FILTRATION SYSTEM FOR SUSTAINABLE AQUACULTURE AND ADVANCED WATER MANAGEMENT (Machine-translation by Google Translate, not legally binding)";"";"SOLA GRIMA MANUEL ALEJANDRO [ES]";"ES3060039A1";"2025-06-11";"A01K61/80 
A01K63/04";"A01K61/80 (ES) 
A01K63/04 (ES)";"2026-03-24";"2026-03-24";"099140065";
"276";"Facultative anaerobic collection and storage method for kitchen waste";"YI BO 
ZHANG XIAOMING";"SICHUAN 9HELLO TECH CO LTD";"CN110525839A";"2019-07-29";"B65F1/14 
B65F1/16 
C12M1/00";"B65F1/14 (CN) 
B65F1/16 (CN) 
C12M1/00 (CN) 
B65F2210/112 (CN)";"2019-12-03";"2019-12-03";"068661981";
"277";"Pick ball green traceable production system and method based on multi-modal fusion";"LIU YUE 
ZHONG RONGDONG 
LI TONGBING";"GUANGDONG ATP POLYMER TECH CO LTD";"CN121481573A";"2025-12-24";"G06Q30/018 
G06Q50/04";"G06Q30/018 (CN) 
G06Q50/04 (CN)";"2026-02-06";"2026-02-06";"098610676";
"278";"PROCÉDÉ DE RECYCLAGE D'EMBALLAGES CO-EXTRUDÉS DE PRODUITS PHYTOSANITAIRES AGRICOLES";"SOUZA ROGERIO FERNANDES DE [BR] 
SANTOS RODRIGO CORREA [BR]";"INSTITUTO NAC DE PROCESSAMENTO DE EMBALAGENS VAZIAS INPEV [BR]";"WO2023023830A1";"2021-08-25";"B29B17/00 
B29B17/02 
B29B17/04";"B29B17/00 (EP) 
B29B17/02 (EP) 
B29B17/04 (EP) 
B29C48/04 (EP) 
C02F1/00 (EP) 
C02F2103/38 (EP) 
Y02W30/62 (EP)";"2023-03-02";"2021-11-09";"083464048";
"279";"Empty anesthetic bottle recoverer";"ZHUANG SHAOXIONG 
LIN RUIJUAN 
CHEN LIMEI 
LIN ZHICHENG 
LIAO CHIQUAN 
HE JINGHUA";"GUANGDONG WOMEN & CHILDREN HOSPITAL";"CN218142867U";"2022-06-21";"B65D25/02 
B65D25/10 
B65D25/20 
B65D81/107 
B65D85/30";"";"2022-12-27";"2022-12-27";"084576358";
"280";"Method and system for comprehensively recycling waste lithium battery";"ZHANG TAO 
GE LINHAN 
FENG YI 
LIU YANJIE 
LIU JIANGBO 
HUANG YONGJIE";"BEICHEN ADVANCED CYCLE TECH QINGDAO CO LTD";"CN121684886A";"2025-12-17";"G06F18/21 
G06F18/213 
G06N20/00 
G06Q10/30";"";"2026-03-17";"2026-03-17";"099039743";
"281";"Container type modular facility applied to garbage classification, recycling and reusing";"LIU ZHIGANG";"SHANGHAI ORCHID REPAIRING ENVIRONMENTAL PROTECTION SCIENCE AND TECH LIMITED COMPANY";"CN216271281U";"2021-03-25";"B65F5/00 
B65G1/04 
E04H1/12";"";"2022-04-12";"2022-04-12";"081002286";
"282";"Disposable bag for organic waste (Machine-translation by Google Translate, not legally binding)";"MORENO RIBOT CARLOS";"CMR ARQUITECTURAS S L [ES]";"ES1076031U 
ES1076031Y";"2011-10-10";"B65D30/02";"";"2012-01-31 
2012-04-27";"2012-01-31";"045491924";
"283";"PROCÉDÉ DE FOURNITURE D'UNE SOLUTION DE CHAÎNE DE VALEURS DE CIRCULATION DE RESSOURCES POUR FILM DE POLYESTER, APPAREIL DE TRAITEMENT DES DÉCHETS POUR SA MISE EN ŒUVRE ET SYSTÈME DE TRAITEMENT DE CIRCULATION DE RESSOURCES LE COMPRENANT";"LIM SEOL HEE [KR] 
KIM JI SEUNG [KR] 
KIM TAEHWAN [KR] 
NOH SEUNGHAE [KR]";"SK CHEMICALS CO LTD [KR]";"WO2026075475A1";"2024-10-04";"B09B3/35 
B09B3/70 
G06Q10/30 
H04L9/00 
B09B101/75";"B09B3/35 (EP,KR) 
B09B3/70 (EP,KR) 
G06Q10/30 (EP,KR) 
H04L9/00 (EP) 
H04L9/50 (KR) 
B09B2101/75 (EP,KR) 
Y02W30/62 (EP)";"2026-04-09";"2026-04-09";"099358192";
"284";"ATTACHMENTS FOR HANDLING AND TRACKING FABRICATED CUSTOM OBJECTS";"LUKACS GABOR [US] 
SHAW JACK [US] 
KALINICHENKO ALEXEY [US] 
BUTZ ARTHUR GEORGE [US] 
MOJDEH MEHDI [US] 
SOLTERO BORREGO ENRIQUE [MX]";"ALIGN TECHNOLOGY INC [US] 
ALIGNTECHNOLOGY INC [US]";"US11975463B2 
US2021178639A1";"2019-12-11";"A61C7/08 
B29C33/30 
B29C33/38 
B33Y80/00 
A61C13/00 
A61C13/34 
A61C7/00";"A61C13/0027 (US) 
A61C13/34 (US) 
A61C7/08 (EP,US) 
B29C33/30 (US) 
B29C33/3842 (EP,US) 
B33Y80/00 (EP,US) 
A61C2204/005 (EP) 
A61C7/002 (EP,US) 
B22F10/39 (EP) 
B29L2031/7536 (EP) 
B33Y40/00 (EP) 
B33Y50/00 (EP) 
Y02P10/25 (EP)";"2021-06-17 
2024-05-07";"2021-06-17";"076316567";
"285";"Intelligent waste storage device, application for mobile devices and control system adapted to said device (Machine-translation by Google Translate, not legally binding)";"LOPEZ GARRO IGNACIO [ES]";"LOPEZ GARRO IGNACIO [ES]";"ES2747395A1 
ES2747395B2";"2018-09-10";"B02C18/00 
B65F1/14";"B02C18/0084 (ES) 
B65F1/14 (ES)";"2020-03-10 
2021-12-15";"2020-03-10";"069709414";
"286";"Toner cartridge recycling and replacing system and control method";"LIU HUAXIN";"AN YIXIANG SHENZHEN TECH CO LTD";"CN110163317A 
CN110163317B";"2019-05-27";"G06K17/00 
G06Q10/00 
G06Q10/06 
G06Q10/08 
G06Q50/04 
G06T7/00 
G07C3/14";"G06K17/0022 (CN) 
G06Q10/06395 (CN) 
G06Q10/083 (CN) 
G06Q10/0875 (CN) 
G06Q10/30 (CN) 
G06Q50/04 (CN) 
G06T7/0004 (CN) 
G07C3/143 (CN) 
G06T2207/30164 (CN) 
Y02P90/30 (EP) 
Y02W90/00 (EP)";"2019-08-23 
2022-04-01";"2019-08-23";"067629067";
"287";"Medical waste treatment internet of things system";"LIN ZHONGXUAN";"BEIJING DABAISHA ENVIRONMENTAL PROTECTION TECH CO LTD";"CN114860798A";"2022-03-29";"G06F16/2458 
G06F16/248 
G06F16/25 
G06F16/28 
G06Q10/00 
G06Q30/06 
H04L67/12";"G06F16/2462 (CN) 
G06F16/248 (CN) 
G06F16/252 (CN) 
G06F16/284 (CN) 
G06Q10/30 (CN) 
G06Q30/0635 (CN) 
H04L67/12 (CN) 
Y02W90/00 (EP)";"2022-08-05";"2022-08-05";"082629698";
"288";"一种用于冷链物流的可降解温控瓦楞纸箱及回收方法";"";"";"CN122144287A";"2026-04-22";"B09B3/00 
B09B3/30 
B09B3/38 
B32B23/06 
B32B23/08 
B32B27/08 
B32B27/30 
B32B27/36 
B32B29/00 
B32B29/08 
B32B7/12 
B32B9/02 
B32B9/04 
B65D25/14 
B65D25/36 
B65D6/14 
B65D65/46 
B65D81/18 
B65D81/26 
B65D81/38 
D21B1/32 
D21H27/10 
D21H27/30 
B09B101/75 
B09B101/85";"Y02W90/10 (EP)";"2026-06-05";"2026-06-05";"100009759";
"289";"External anti-counterfeiting device for wine bottle";"YUAN YONGYAO 
ZHAN YOUAN 
YUAN XINGZHONG";"HANGZHOU VOPU INTERNET OF THINGS SCIENCE AND TECH LIMITED COMPANY";"CN216103695U";"2021-11-03";"B65D41/32 
B65D49/12 
B65D51/24 
B65D55/08";"";"2022-03-22";"2022-03-22";"080712475";
"290";"Intelligent aluminum-plastic combined cover with recognition and communication functions";"SHEN LIYA";"WUXI FAMATAIKE TECH CO LTD";"CN211418168U";"2019-08-07";"A61J1/14 
B65D51/24";"";"2020-09-04";"2020-09-04";"072250910";
"291";"废旧锂电池无害化处理与资源回收系统及方法";"";"";"CN122032994A";"2026-03-25";"B01D53/02 
B01D53/86 
B09B3/00 
B09B3/35 
B09B3/70 
B09B5/00 
C02F1/44 
C02F1/52 
C22B1/00 
C22B15/00 
C22B21/00 
C22B23/00 
C22B26/12 
C22B47/00 
C22B7/00 
H01M10/54 
B09B101/16";"Y02W30/84 (EP)";"2026-05-15";"2026-05-15";"099732686";
"292";"Self-adhesive label";"OUYANG JIANGLIN 
YANG WEI 
ZHANG SHUIHUA 
HAN YONGFENG 
XIAO SHENGYE 
GAO YUNFENG";"HANS LASER TECHNOLOGY IND GROUP CO LTD";"CN104992620A";"2015-07-28";"G09F3/02";"";"2015-10-21";"2015-10-21";"054304427";
"293";"Cover body structure of garbage can, recovery system and intelligent garbage putting tracing method";"JIANG SHUYA";"JIANG SHUYA";"CN111470217A 
CN111470217B";"2020-04-16";"B65F1/00 
B65F1/16";"B65F1/0053 (CN) 
B65F1/1623 (CN) 
B65F2001/008 (CN)";"2020-07-31 
2022-05-24";"2020-07-31";"071753590";
"294";"Application of tetraphenyl ethylene derivative in inkless writing material";"MA CHUNPING 
GUO QIANKUN 
HE JIYIN 
LIN FENGYUAN 
LIU ZIHUI 
HUANG BAOYU 
XU JINGNAN 
CAO DONGDONG 
MO JINPENG 
XIE GAOYI";"UNIV WUYI";"CN118406482A 
CN118406482B";"2024-01-02";"C07D311/82 
C09K11/02 
C09K11/06";"C07D311/82 (CN) 
C09K11/025 (CN) 
C09K11/06 (CN) 
C09K2211/1007 (CN) 
C09K2211/1088 (CN)";"2024-07-30 
2025-11-28";"2024-07-30";"092000056";
"295";"Novel anti-counterfeit label manufacturing and verifying method";"LYU ZOULI";"LYU ZOULI";"CN106295763A";"2016-08-29";"G06K19/06";"G06K19/06056 (CN) 
G06K19/06093 (CN) 
G06K19/06121 (CN)";"2017-01-04";"2017-01-04";"057677640";
"296";"Pesticide packaging waste recovery terminal";"CUI JIANSHENG 
CHEN JIAMIN 
LIU DAXI 
HE LI 
LYU YONGTAO 
TIAN LIANG 
WANG YUAN 
ZHANG XIAOXU 
MA XIAOLONG 
WANG SHUAI";"UNIV HEBEI SCIENCE & TECH";"CN116524644A";"2023-04-28";"G06K17/00 
G07F7/06 
G07F7/10";"G06K17/00 (CN) 
G07F7/0609 (CN) 
G07F7/10 (CN) 
Y02W30/10 (EP)";"2023-08-01";"2023-08-01";"087404284";
"297";"Method And Apparatus For Recycling Electronic Devices";"BOWLES MARK VINCENT [US] 
PLOETNER JEFF [US] 
BEANE JOHN ANDREW [US]";"ECOATM INC [US]";"US2013124426A1";"2008-10-02";"G06Q99/00";"G06Q10/00 (EP,US) 
G06Q10/30 (EP,US) 
G06Q20/18 (EP,US) 
G06Q20/322 (EP,US) 
G06Q30/00 (EP,US) 
G06Q30/0278 (EP,US) 
G06Q30/08 (EP,US) 
G06Q50/00 (EP,US) 
G06Q99/00 (EP,US) 
G07F7/06 (EP,US) 
H04M1/0287 (EP,US) 
H04M1/24 (EP,US) 
Y02W90/00 (EP,US)";"2013-05-16";"2013-05-16";"048281577";
"298";"Recyclable hard PVC floor and preparation method thereof";"LI JIN 
DONG YUJIAO";"DIGAOLI DECORATION MAT JIANGSU CO LTD";"CN116480096A 
CN116480096B";"2023-04-13";"B23K26/362 
B23K26/402 
B29D99/00 
B32B27/06 
B32B27/18 
B32B27/30 
B32B33/00 
B32B7/12 
E04F15/10 
E04F15/18 
E04F15/20";"B23K26/362 (CN) 
B23K26/402 (CN) 
B29D99/0057 (CN) 
B32B27/06 (CN) 
B32B27/065 (CN) 
B32B27/18 (CN) 
B32B27/304 (CN) 
B32B33/00 (CN) 
B32B7/12 (CN) 
E04F15/107 (CN) 
E04F15/181 (CN) 
E04F15/206 (CN) 
B32B2255/10 (CN) 
B32B2255/28 (CN) 
B32B2266/0235 (CN) 
B32B2307/102 (CN) 
B32B2471/00 (CN) 
E04F2290/04 (CN) 
E04F2290/043 (CN)";"2023-07-25 
2026-04-10";"2023-07-25";"087222466";
"299";"Battery cell recovery assembly line and assembly method";"ZHANG YUPING 
ZHANG ZHENZHONG 
YAN SHENGGANG 
LIU SHUO 
GUO SHIWEI 
WANG YITONG";"TIANJIN POWER BATTERY REGENERATION TECH CO LTD 
WUHAN POWER BATTERY REGENERATION TECH CO LTD 
WUXI POWER BATTERY REGENERATION TECH CO LTD 
JINGMEN POWER BATTERY REGENERATION TECH CO LTD";"CN116231134A";"2022-12-30";"B65B13/18 
B65B35/16 
B65B35/44 
B65B57/10 
G01R31/36 
G06T7/00 
H01M10/54";"B65B13/18 (CN) 
B65B35/16 (CN) 
B65B35/44 (CN) 
B65B57/10 (CN) 
G01R31/36 (CN) 
G06T7/0004 (CN) 
H01M10/54 (CN) 
G06T2207/10052 (CN) 
G06T2207/30164 (CN) 
Y02W30/84 (EP)";"2023-06-06";"2023-06-06";"086590196";
"300";"VEHICLE SIDE IMPACT CONTAINMENT SYSTEM (Machine-translation by Google Translate, not legally binding)";"RAMOS RODRÍGUEZ HENAR [ES]";"ROAD STEEL ENG SL [ES] 
AVAMAN CONSULTING SL [ES]";"ES3015070A1";"2023-10-25";"E01F15/04";"E01F15/0453 (EP,ES) 
E01F15/0461 (EP) 
E01F15/0469 (EP) 
E01F15/086 (EP) 
E01F15/141 (EP) 
E01F15/145 (EP) 
E01F15/146 (EP)";"2025-04-29";"2025-04-29";"093924145";
"301";"Article recovery dynamic inventory taking method and system and storage medium";"TANG WEIZHONG 
WANG HONGJUN 
GAO SHANSHAN";"ZHEJIANG TIGE DIGITAL SCIENCE AND TECH LIMITED COMPANY";"CN114663033A 
CN114663033B";"2022-05-24";"G06K19/06 
G06Q10/08 
G06Q30/00";"G06K19/06037 (CN) 
G06Q10/083 (CN) 
G06Q10/0833 (CN) 
G06Q10/087 (CN) 
G06Q30/018 (CN) 
Y02W90/00 (EP)";"2022-06-24 
2022-10-28";"2022-06-24";"082037066";
"302";"Disinfection supply center trace management system and regional disinfection management system";"GU YIYI 
LIU XIA 
CHANG XIANGHUI 
CHEN WENCHUAN 
LIAO CHUNLONG";"SICHUAN TRADITIONAL CHINESE MEDICINE LAOKEN MEDICAL DISINFECTION CO LTD";"CN107527138A";"2017-07-20";"G06Q10/06 
G06Q10/10 
G06Q50/22 
H04L29/08";"G06Q10/06 (CN) 
G06Q10/10 (CN) 
G06Q50/22 (CN) 
H04L67/12 (CN)";"2017-12-29";"2017-12-29";"060749046";
"303";"Recovery of component hydrogen";"DEBRUYNE BRUCE ROGER 
BETTING DARRYL 
SLEVINSKY DAVID EUGENE 
WU XIANCHUN";"EASTMAN CHEM CO";"CN115551973A";"2020-04-13";"C10G1/10 
C10J3/72";"C01B3/22 (EP,KR) 
C01B3/32 (EP) 
C01B3/36 (US) 
C01B3/50 (KR) 
C08J11/24 (EP,KR,US) 
C10B53/07 (EP,KR,US) 
C10G1/10 (EP,KR,US) 
C10G70/00 (EP,KR) 
C10G9/14 (EP,KR) 
C10J3/466 (EP,KR,US) 
C10K3/005 (EP) 
C10K3/006 (EP) 
C10K3/008 (EP) 
C01B2203/0233 (EP) 
C01B2203/0238 (EP) 
C01B2203/025 (EP) 
C01B2203/0255 (US) 
C01B2203/0266 (EP,KR) 
C01B2203/04 (KR) 
C01B2203/061 (EP) 
C01B2203/065 (EP,KR) 
C08J2367/02 (EP,US) 
C10G2300/1003 (US) 
C10G2400/02 (EP,KR) 
C10J2300/0906 (EP,KR) 
C10J2300/0946 (EP,KR,US) 
C10J2300/0956 (EP,KR,US) 
C10J2300/16 (EP,KR,US) 
C10J2300/1846 (EP,KR,US) 
Y02P20/143 (EP) 
Y02W30/62 (EP)";"2022-12-30";"2021-10-21";"078085207";
"304";"Enhanced Plastic Net Bag";"FERRER AGUSTIN DAUDER [ES]";"DAUMAR TALLERES [ES]";"US2009180717A1";"2008-01-10";"B65D30/06 
B65D33/16 
B65D33/22";"B65D29/04 (EP,US) 
B65D33/06 (EP,US)";"2009-07-16";"2009-07-15";"040547350";
"305";"Ssulfur hexafluoride recycling management system and method based on block chain";"XIE LIANKE 
QI GUODONG 
ZHANG YONG 
GONG QUANQUAN 
QI QIUBO 
ZANG YUWEI";"ELECTRIC POWER RES INST OF STATE GRID SHANDONG ELECTRIC POWER CO 
STATE GRID CORP CHINA";"CN113807546A 
CN113807546B";"2021-08-10";"G06Q10/00 
G01D21/02 
G01G19/52 
G06K17/00 
G06Q10/20 
G06Q10/30";"G01D21/02 (CN) 
G01G19/52 (CN) 
G06K17/0029 (CN) 
G06Q10/20 (CN) 
G06Q10/30 (CN) 
Y02W90/00 (EP)";"2021-12-17 
2024-09-06";"2021-12-17";"078893424";
"306";"Recyclable thermoplastic polymer article recovery method and related system";"XIAO JIANJUN 
XIAO JIANSHUO 
XIAO GAOJI 
HUANG JINBIAO";"DONGGUAN GUOHENG PLASTIC SCIENCE & TECH CO LTD";"CN120839968A";"2025-08-27";"B29B17/00 
B29B17/02 
B29B17/04 
C08J11/06 
C08L101/12";"B29B17/00 (CN) 
B29B17/02 (CN) 
B29B17/0412 (CN) 
C08J11/06 (CN) 
B29B2017/001 (CN) 
B29B2017/0015 (CN) 
B29B2017/0244 (CN) 
C08J2300/20 (CN) 
Y02W30/62 (EP)";"2025-10-28";"2025-10-28";"097418270";
"307";"KUNSTSTOFFGEGENSTAND SOWIE VORRICHTUNG UND VERFAHREN ZUR BESTIMMUNG EINER MATERIALART DES KUNSTSTOFFGEGENSTANDS";"JEON JIN HAN [SG] 
LIM YU YANG [SG] 
ANDALAM SIDHARTA [SG] 
NGO CHI TRUNG [SG] 
YAN WAI [SG] 
SI ELTON [SG]";"BOSCH GMBH ROBERT [DE]";"DE112022007892T5";"2022-12-15";"B29B17/02 
G06K19/06";"B07C5/3425 (EP) 
B29B17/02 (EP) 
G01N21/3581 (EP) 
G01N21/85 (EP) 
G06K19/06037 (EP) 
G06K19/06103 (EP) 
G06K19/06159 (EP) 
B29B2017/0279 (EP) 
B29B2017/0282 (EP) 
G01N2021/845 (EP)";"2025-08-28";"2024-06-20";"084829758";
"308";"Renewable resource big data management integrated system";"SUN XIAOFENG 
WANG TAO 
JIA WEI 
SU LI";"BAOJI FENGMAO MAT REGENERATION UTILIZATION CO LTD";"CN118552216A 
CN118552216B";"2024-07-25";"G06F16/2458 
G06Q10/30 
G06Q30/018 
G06Q50/04 
G16C20/20 
G16C20/90 
G16C60/00";"G06F16/2474 (CN) 
G06Q10/30 (CN) 
G06Q30/018 (CN) 
G06Q50/04 (CN) 
G16C20/20 (CN) 
G16C20/90 (CN) 
G16C60/00 (CN)";"2024-08-27 
2024-10-29";"2024-08-27";"092454014";
"309";"PROCEDE ET APPAREIL DE RECYCLAGE DE DISPOSITIFS ELECTRONIQUES";"BOWLES MARK VINCENT [US] 
PLOETNER JEFF [US] 
BEANE JOHN ANDREW [US]";"ECOATM INC [US]";"CA2853349A1";"2011-10-25";"G06F11/22 
G06Q30/02";"G07F7/06 (EP) 
Y02W90/00 (EP)";"2013-05-02";"2013-05-02";"048168413";
"310";"Ultrasonic cleaning method of polyterephthalic acid plastic";"CAO WEIDONG";"HANGZHOU DECHENG INDUSTRY CO LTD";"CN103722639A 
CN103722639B";"2013-12-17";"B07C5/342 
B08B3/12 
B08B7/04 
B29B17/00 
B29B17/02";"Y02W30/52 (EP) 
Y02W30/62 (EP)";"2014-04-16 
2016-03-23";"2014-04-16";"050447058";
"311";"Automatic control management system for machining of vehicle forgings";"ZHANG QINGGANG 
LI SHANLIN";"SHANDONG SHISHENG MACHINERY CO LTD";"CN121755633A";"2025-11-21";"B07C5/34 
B07C5/36 
B07C5/38 
B21J9/20";"";"2026-03-31";"2026-03-31";"099189959";
"312";"Automatic laser scanning detection equipment for hydraulic forming part of automobile chassis";"LU ZHIWEI";"ZHEJIANG MOTORBACS TECH CO LTD";"CN116929216A 
CN116929216B";"2023-09-07";"B08B1/00 
B65G47/90 
B65G65/32 
F16F15/023 
G01B11/00 
G01B11/24 
G01N21/01 
G01N21/88 
B08B1/20";"B65G47/90 (CN) 
B65G65/32 (CN) 
F16F15/0232 (CN) 
G01B11/00 (CN) 
G01B11/24 (CN) 
G01N21/01 (CN) 
G01N21/88 (CN) 
G01N2021/0112 (CN)";"2023-10-24 
2024-01-23";"2023-10-24";"088375553";
"313";"Method and apparatus for waste liquid recycling with optical inspection";"LIN HSIU-AN [TW]";"LIN HSIU AN [TW]";"TW202441157A 
TWI885593B";"2022-12-23";"G01N21/25 
G06T7/00 
G06T7/90";"G01N21/25 (CN) 
G06T7/0004 (CN) 
G06T7/90 (CN) 
G06T2207/10024 (CN) 
G06T2207/20081 (CN)";"2024-10-16 
2025-06-01";"2024-06-25";"091562900";
"314";"NITROGEN REMOVAL FROM REFORMER FEEDSTOCK COMPRISING RECYCLED CONTENT";"COLLINS NICK ALLEN [US] 
BITTING DARYL [US] 
POLASEK MICHAEL GARY [US] 
WU XIANCHUN [US] 
SLIVENSKY DAVID EUGENE [US]";"EASTMAN CHEM CO [US]";"US20260028537A1";"2022-08-03";"C10G59/02";"C10G1/002 (EP) 
C10G1/10 (EP) 
C10G25/00 (EP) 
C10G35/00 (EP) 
C10G35/04 (EP) 
C10G45/00 (EP) 
C10G59/02 (US) 
C10G2300/1003 (US) 
C10G2300/202 (EP,US) 
C10G2400/30 (EP,US)";"2026-01-29";"2024-02-08";"087571179";
"315";"Intelligent receiving and sending method and system for nuclear power station consumables";"LIN XIANREN 
GAO JINGDONG 
GENG LIXIN 
LIU ZIPING 
ZHAN PENGJU 
YIN XIAOBO 
LI XINXIAN 
CHEN JIAN 
ZOU XIAOWEI 
ZHU JIANRUI 
CHEN SIYUAN 
JIANG WEI";"YANGJIANG NUCLEAR POWER CO LTD 
SUZHOU NUCLEAR POWER RES INST 
CHINA GENERAL NUCLEAR POWER 
CGN POWER CO LTD";"CN115860647A";"2022-11-28";"G06K1/12 
G06K17/00 
G06Q10/0875 
G06Q10/10 
G06Q10/30";"";"2023-03-28";"2023-03-28";"085667151";
"316";"Scrapped vehicle information rapid input system based on high-speed photographic apparatus image recognition technology";"SONG YANG 
LIU BAIXUN 
LI LIANG 
LU XIUQI";"ZIHUAN LIANJIN RENEWABLE RESOURCES CO LTD";"CN121526527A";"2025-11-21";"G06F16/90 
G06F16/906 
G06F21/60 
G06F21/64 
G06Q10/10 
G06Q10/30 
G06V10/54 
G06V20/62 
G06V30/14 
G06V30/148 
G06V30/19";"G06F16/90 (CN) 
G06F16/906 (CN) 
G06F21/602 (CN) 
G06F21/64 (CN) 
G06Q10/103 (CN) 
G06Q10/30 (CN) 
G06V10/54 (CN) 
G06V20/62 (CN) 
G06V20/625 (CN) 
G06V30/14 (CN) 
G06V30/153 (CN) 
G06V30/19007 (CN)";"2026-02-13";"2026-02-13";"098710840";
"317";"METHOD FOR AUTOMATICALLY IDENTIFYING A MATERIAL OR AN OBJECT";"LAMBERT CLAUDE [FR] 
HACHIN JEAN-MICHEL [FR]";"LAMBERT CLAUDE [FR] 
HACHIN JEAN-MICHEL [FR]";"US2011232398A1 
US8960028B2";"2008-07-30";"G01N33/00 
B07C5/342";"B07C5/342 (EP,US)";"2011-09-29 
2015-02-24";"2010-02-04";"041136707";
"318";"Wood plastic tray with electronic tag embedded";"LI TAO 
ZHANG ZHIYONG 
QIN YING 
PENG ZHIGUANG 
TIAN HUATING";"YUNNAN KUNCHUAN DIGITAL TECHNOLOGY CO LTD";"CN103662282A";"2013-12-31";"B65D19/26 
B65D19/38 
B65D19/40";"B65D2203/10 (EP)";"2014-03-26";"2014-03-26";"050301270";
"319";"Automatic essence liquid sample reserving and storing system and method based on pneumatic conveying";"BAO MINGJIA 
CHEN MING 
CHEN LIWU 
KO BYUNG-OK 
HONG YUEBO 
LI JIAHAO 
NIU WANG 
LIN XUHUI 
HOU MING";"SHANGHAI PUFFMAN AUTOMATION & INSTR CO LTD";"CN121516313A";"2025-12-17";"B65B3/00 
B65D81/18 
B65D81/30 
B65G1/00 
B65G1/137 
B65G51/04 
G01N1/10";"B65B3/00 (CN) 
B65D81/18 (CN) 
B65D81/30 (CN) 
B65G1/00 (CN) 
B65G1/1371 (CN) 
B65G51/04 (CN) 
G01N1/10 (CN)";"2026-02-13";"2026-02-13";"098711605";
"320";"基于机器视觉的物料回收分析方法及系统";"";"";"CN122066416A";"2025-12-24";"G06F18/213 
G06F18/24 
G06Q10/30";"";"2026-05-19";"2026-05-19";"099776479";
"321";"SORTING OF RECYCLED PLASTIC FILM MATERIALS";"KLAEYLÉ JÉRÔME [FR] 
GARNIER THIERRY [FR]";"TRIOWORLD OMBREE DANJOU SAS [FR]";"US2024165855A1";"2021-03-18";"B29B17/00 
B29B17/02 
B29B17/04 
B65B11/02 
B65B61/02 
B65B63/02 
B29L7/00";"B29B17/0026 (EP) 
B29B17/0036 (US) 
B29B17/02 (EP,US) 
B29B17/0412 (US) 
B65B11/025 (US) 
B65B61/025 (US) 
B65B63/02 (US) 
B29B17/0412 (EP) 
B29B2017/0015 (US) 
B29B2017/0203 (EP) 
B29B2017/0241 (EP,US) 
B29B2017/0272 (EP) 
B29B2017/0279 (US) 
B29B2017/044 (EP) 
B29B2017/0476 (US) 
B29B2017/0484 (US) 
B29K2023/06 (EP,US) 
B29L2007/00 (EP) 
B29L2007/008 (US) 
Y02W30/62 (EP)";"2024-05-23";"2022-09-21";"075108161";
"322";"Environment-friendly PVC-U plastic pipe fitting and manufacturing method thereof";"SHEN HUAPING 
TAO SHUANGZHAN 
LUO JUN";"CHANGZHOU XINLONG PIPE IND CO LTD";"CN120307709A";"2025-05-08";"B29D23/00 
B32B1/08 
B32B27/08 
B32B27/30 
C08K13/06 
C08K3/04 
C08K3/26 
C08K3/36 
C08K7/10 
C08K9/06 
C08L1/04 
C08L27/06 
C08L51/00 
C08L97/02";"B29D23/001 (CN) 
B32B1/08 (CN) 
B32B27/08 (CN) 
B32B27/304 (CN) 
C08L27/06 (CN) 
B32B2307/212 (CN) 
B32B2307/754 (CN) 
B32B2597/00 (CN) 
C08K2003/265 (CN) 
C08K2201/011 (CN) 
C08L2205/16 (CN) 
C08L27/06, C08L51/003, C08L97/02, C08L1/04, C08K3/36, C08K7/10, C08K3/042, C08K3/26, C08K9/06, C08K13/06, INV (CN)      ";"2025-07-15";"2025-07-15";"096328575";
"323";"PROCÉDÉ ET ÉQUIPEMENT POUR LA COLLECTE ET LA SÉPARATION CONTRÔLÉES DES DÉCHETS MUNICIPAUX";"CERAR JANKO [SI] 
NOVAK PETER [SI] 
SKARJA METOD [SI] 
STURM MILAN [SI]";"CERAR JANKO [SI] 
NOVAK PETER [SI] 
SKARJA METOD [SI] 
STURM MILAN [SI]";"WO2013089649A1";"2011-12-15";"B65F1/14";"B65F1/1484 (EP) 
B65F2210/108 (EP) 
B65F2210/12 (EP) 
B65F2210/128 (EP) 
B65F2210/144 (EP) 
B65F2210/162 (EP) 
B65F2210/184 (EP)";"2013-06-20";"2013-06-20";"046229906";
"324";"PROCÉDÉ ET APPAREIL DE PRÉEMBALLAGE POUR PRODUITS EN VRAC, ET SAC À EMBOUCHURE PLATE";"ZHANG XIAOYA [CN] 
ZHANG HUAIYU [CN]";"ZHANG XIAOYA [CN] 
ZHANG HUAIYU [CN]";"WO2025201216A1";"2024-03-26";"B65B1/32 
B65B51/10 
B65B61/26 
B65D75/58";"B65B1/32 (EP,CN) 
B65B51/10 (EP) 
B65B51/26 (EP,CN) 
B65B61/26 (EP,CN) 
B65B65/00 (EP) 
B65B65/003 (CN) 
B65D33/00 (EP,CN) 
B65D75/58 (EP)";"2025-10-02";"2025-09-26";"097110090";
"325";"METHOD FOR RECYCLING MATERIALS COMING FROM USED OBJECTS";"HACHIN JEAN-MICHEL [FR] 
LAMBERT CLAUDE [FR]";"LAMBERT CLAUDE [FR] 
HACHIN JEAN-MICHEL [FR]";"US2009200212A1 
US8205813B2";"2006-05-22";"B03B9/06 
B02C23/10";"B03B9/061 (EP,US) 
B07C5/34 (EP,US) 
B09B3/35 (EP,US)";"2009-08-13 
2012-06-26";"2007-11-23";"037652446";
"326";"Recycled article chaining method and recycled article chaining system by means of block chain";"LIU XUESONG";"BEIJING BOTT LOOP REGENERATION CULTURE COMMUNICATION CO LTD";"CN112232838A 
CN112232838B";"2020-10-20";"G06F16/27 
G06F21/64 
G06Q30/00 
H04L29/08 
H04L9/32";"G06F16/27 (CN) 
G06F21/64 (CN) 
G06Q30/018 (CN) 
H04L67/1097 (CN) 
H04L9/3247 (CN)";"2021-01-15 
2021-06-25";"2021-01-15";"074117910";
"327";"Domestic garbage datamation classification recycling system";"SHEN DA 
SHEN LINYUAN 
SHEN JIANWEI";"SHEN JIANWEI";"CN215556065U";"2021-03-18";"B65F1/00 
B65F1/14";"Y02W30/10 (EP)";"2022-01-18";"2022-01-18";"079854321";
"328";"PLASTIC ARTICLE WITH INTEGRATED BARCODE SCANNABLE TO DISPLAY MATERIAL TRACING INFORMATION";"EBRAHIM SALMAN [CA] 
CHIN EDMUND SHEE TONG [CA] 
SUKHIJA JASKARAN SINGH [CA] 
WANG SHENGLI [CA]";"LUCID CORP [CA]";"US12373662B2 
US2025131228A1";"2022-11-02";"B65B61/02 
G06K19/06";"B23K26/359 (KR) 
B23K26/364 (KR) 
B29C45/0053 (KR) 
B29C48/0021 (KR) 
B29C48/0023 (KR) 
B29C48/07 (KR) 
B29C49/42412 (KR) 
B29C51/266 (KR) 
B29C59/16 (EP,KR) 
B65B61/025 (US) 
G06K19/06037 (KR,US) 
G06K19/06121 (KR,US) 
B29C2791/009 (EP,KR) 
B29K2023/10 (KR) 
B29K2025/06 (KR) 
B29K2067/003 (KR) 
B29L2031/712 (KR) 
Y02W30/62 (KR)";"2025-04-24 
2025-07-29";"2024-05-10";"090929099";
"329";"Plastic container (Machine-translation by Google Translate, not legally binding)";"SANZ RIVERA JUAN MANUEL [ES] 
GONZALEZ TERESA YOLANDA [ES]";"TR LENTZ S A [ES]";"ES1074393U 
ES1074393Y";"2011-02-11";"B65D81/24";"Y02W30/80 (EP)";"2011-04-26 
2011-07-22";"2011-04-26";"043836943";
"330";"Ecological planting mode for land crops";"CUI YONGJUN 
CUI XIANGYU";"HARBIN FUWANMIN AGRICULTURAL TECH CO LTD";"CN108605682A";"2017-06-07";"A01C1/04 
A01C21/00 
A01G13/02 
A01G17/00 
A01G22/00 
A01G25/02 
A01M29/10 
A01M29/22 
E01C1/00 
E02B11/00 
E02B13/00 
G01D21/02";"A01C1/044 (CN) 
A01C21/00 (CN) 
A01G13/33 (CN) 
A01G17/005 (CN) 
A01G25/02 (CN) 
A01M29/10 (CN) 
A01M29/22 (CN) 
E01C1/00 (CN) 
E02B11/00 (CN) 
E02B13/00 (CN) 
G01D21/02 (CN)";"2018-10-02";"2018-10-02";"063658758";
"331";"Method And Apparatus For Recycling Electronic Devices";"BOWLES MARK VINCENT [US] 
PLOETNER JEFF [US] 
BEANE JOHN ANDREW [US]";"ECOATM INC [US]";"US2013046699A1";"2008-10-02";"G06Q30/00";"G06Q10/00 (EP,US) 
G06Q30/00 (EP,US) 
G06Q30/0237 (EP,US) 
G06Q30/0278 (EP,US) 
G06Q50/00 (EP,US) 
G07F7/06 (EP) 
H04M1/0287 (EP,US) 
H04M1/24 (EP) 
H04M1/24 (US)";"2013-02-21";"2013-02-21";"047713365";
"332";"ELECTRONIC CONSIGNMENT NOTE MANAGEMENT SYSTEM FOR MARINE PLASTIC DEBRIS BASED ON BLOCKCHAIN TECHNOLOGY";"CHEN GUANGHUI [CN] 
CHEN YAHONG [CN] 
ZHOU YIFAN [CN] 
HE WEI [CN] 
FANG MIN [CN]";"ZHEJIANG LANJING TECH CO LTD [CN]";"US12229733B2 
US2024320634A1";"2023-03-24";"G06Q10/30 
G06Q50/40";"G06F17/00 (EP) 
G06Q10/30 (EP,US) 
G06Q30/018 (EP) 
G06Q50/26 (EP) 
G06Q50/40 (EP,US) 
Y02W90/00 (EP)";"2024-09-26 
2025-02-18";"2023-04-21";"085993895";
"333";"Quality detection method, device and equipment for anti-recycling chip and storage medium";"WANG LEI";"SHENZHEN SANJINTONG TECH CO LTD";"CN121681294A";"2025-11-20";"G06F11/34";"";"2026-03-17";"2026-03-17";"099033633";
"334";"PLASTIC TRAY FOR FRESH AND COOKED PRODUCTS (Machine-translation by Google Translate, not legally binding)";"HIGÓN MIRANDA JORGE [ES]";"CORPORACION ALIMENTARIA GUISSONA S A [ES]";"ES1311697U 
ES1311697Y";"2023-06-21";"B65D1/34 
B65D1/40 
B65D25/14";"";"2024-11-18 
2025-02-12";"2024-11-18";"093460932";
"335";"Black plastic identification method and system based on double-layer fuzzy region modeling";"ZHANG CONGCONG 
FU ZUNWEI";"UNIV LINYI";"CN120873951A";"2025-07-11";"G01N21/25 
G06F18/2131 
G06F18/23213 
G06F18/2337 
G06F18/25 
G06N3/0455 
G06N3/0495 
G06N5/048";"G01N21/25 (CN) 
G06F18/2131 (CN) 
G06F18/23213 (CN) 
G06F18/2337 (CN) 
G06F18/254 (CN) 
G06N3/0455 (CN) 
G06N3/0495 (CN) 
G06N5/048 (CN)";"2025-10-31";"2025-10-31";"097455415";
"336";"METHOD FOR IDENTIFYING A SUBSTANCE OR OBJECT USING A PLURALITY OF EXCITATION VECTORS";"LAMBERT CLAUDE [FR] 
HACHIN JEAN-MICHEL [FR]";"";"US2010089804A1";"2002-10-29";"B07C5/00 
G01J3/42 
G01T1/20";"G07D7/0043 (EP,US) 
G07D7/1205 (EP,US)";"2010-04-15";"2010-04-15";"042097906";
"337";"Mulching film picking quality online prediction and parameter optimization method fused with depth camera";"GOU HAIXIAO 
WEN HAOJUN 
CHEN XUEGENG 
YAN LIMIN 
ZHAO YAN";"UNIV SHIHEZI";"CN121857573A";"2026-01-08";"A01B43/00 
G05B19/418 
G06N3/0455 
G06N3/0464 
G06V10/26 
G06V10/764 
G06V10/82 
G06V20/64 
G06V20/70";"A01B43/00 (CN) 
G05B19/41875 (CN) 
G06N3/0455 (CN) 
G06N3/0464 (CN) 
G06V10/26 (CN) 
G06V10/764 (CN) 
G06V10/82 (CN) 
G06V20/64 (CN) 
G06V20/70 (CN) 
G05B2219/32368 (CN)";"2026-04-14";"2026-04-14";"099376181";
"338";"PROCÉDÉ D'APPROVISIONNEMENT, CONTAINER D'APPROVISIONNEMENT ET SYSTÈME DE GESTION ASSOCIÉS";"SUBREVILLE PATRICK [FR] 
FAMERY JOËL [FR] 
GUERRINI OLIVIER [FR] 
MAVOUNGOU CORINNE [FR] 
LEROY NATHALIE [FR]";"ENGIE [FR]";"EP3289287A1 
EP3289287B1";"2015-04-29";"F23G7/10 
F23K3/02";"F23G7/10 (EP) 
F23K3/02 (EP) 
F23G2205/14 (EP) 
F23G2209/26 (EP) 
F23G2900/50206 (EP) 
F23K2203/201 (EP) 
Y02E20/12 (EP)";"2018-03-07 
2022-07-27";"2016-11-03";"053524836";
"339";"Recycled component polypropylene";"DEBRUYNE BRUCE ROGER 
BETTING DARRYL 
SLEVINSKY DAVID EUGENE 
WU XIANCHUN 
TRAPP WILLIAM LEWIS";"EASTMAN CHEM CO";"CN115397903A";"2020-04-13";"C08F10/06 
C08F2/02 
C08F2/34 
C08J11/10 
C08J11/12 
C08L23/10";"C07C4/22 (EP) 
C08F10/06 (EP,KR,US) 
C08F2/01 (KR) 
C08F2/02 (KR) 
C08F2/34 (KR,US) 
C08J11/10 (EP,KR) 
C08J11/12 (US) 
C08J2323/10 (EP,US) 
C08L2207/20 (KR) 
C08L2314/02 (KR) 
Y02W30/62 (EP,KR) 
C07C4/22, C07C11/06, INV (EP)       
C08F10/06, C08F2/01, INV (EP)      ";"2022-11-25";"2021-10-21";"078085202";
"340";"Full-automatic intelligent renewable resource collection and storage machine";"CHU ZHONGHENG";"CHU ZHONGHENG";"CN117485764A";"2023-08-28";"B65F1/00 
B65F1/14";"B65F1/0053 (CN) 
B65F1/14 (CN) 
B65F2210/138 (CN) 
B65F2210/176 (CN) 
B65F2210/178 (CN) 
B65F2210/184 (CN) 
Y02W30/10 (EP)";"2024-02-02";"2024-02-02";"089683611";
"341";"Observation and judgment device and method for automatic hot upsetting test system";"CHEN YONG 
SONG XIAOYONG 
WAN CHUNHUA 
LIU ZHIJUN 
LI YIXUAN";"MAANSHAN IRON & STEEL CO LTD";"CN120778725A";"2025-07-23";"G01N21/01 
G01N21/13 
G01N21/15 
G01N21/84 
G01N3/06";"G01N21/01 (CN) 
G01N21/13 (CN) 
G01N21/15 (CN) 
G01N21/84 (CN) 
G01N3/06 (CN) 
G01N2021/0112 (CN) 
G01N2021/152 (CN)";"2025-10-14";"2025-10-14";"097287220";
"342";"Full-automatic intelligent sampling and sampling system for in-situ mass spectrometer";"CHANG ZHIJUN 
LIN BINGCAN 
CHEN QIZHEN 
FENG HUI 
LIAO JUNHAI 
XU YISHI";"MINDU INNOVATION LAB";"CN116699159A";"2023-04-28";"G01N1/02 
G01N27/62 
G01N35/00 
G01N35/02 
G01N35/10";"G01N1/02 (CN) 
G01N27/62 (CN) 
G01N35/00732 (CN) 
G01N35/0099 (CN) 
G01N35/025 (CN) 
G01N35/10 (CN) 
G01N2001/028 (CN) 
G01N2035/00752 (CN) 
Y02E30/30 (EP)";"2023-09-05";"2023-09-05";"087830160";
"343";"Garbage tracing method and device based on artificial intelligence, terminal equipment and medium";"LIU RONGRONG";"SAFETY INTERNATIONAL SMART CITY SCIENCE AND TECH CO LTD";"CN114511433A";"2022-02-16";"G06K9/62 
G06N3/04 
G06N3/08 
G06Q50/26 
G06V10/44 
G06V10/764 
G06V10/82 
G06V20/10";"G06F18/241 (CN) 
G06N3/045 (CN) 
G06N3/08 (CN) 
G06Q50/26 (CN) 
Y02W90/00 (EP)";"2022-05-17";"2022-05-17";"081551797";
"344";"Secondary Market And Vending System For Devices";"BOWLES MARK VINCENT [US] 
LIBRIZZI MICHAEL [US]";"ECOATM INC [US] 
ECOATM LLC [US]";"US10032140B2 
US2013275314A1";"2008-10-02";"G06Q10/00 
G06Q30/02 
G06Q30/06 
G07F7/06";"G06Q10/30 (EP,US) 
G06Q30/0237 (EP,US) 
G06Q30/0278 (EP,US) 
G06Q30/0601 (EP,US) 
G07F7/06 (EP,US) 
Y02W30/82 (US) 
Y02W90/00 (EP)";"2013-10-17 
2018-07-24";"2010-04-08";"042073930";
"345";"Medical waste treatment system";"LIN ZHONGXUAN";"BEIJING DABAISHA ENVIRONMENTAL PROTECTION TECH CO LTD";"CN114850197A";"2022-01-14";"A61L11/00 
B09B3/35 
B09B5/00 
B09B101/65";"A61L11/00 (CN) 
B09B5/00 (CN) 
Y02W90/00 (EP)";"2022-08-05";"2022-08-05";"082627569";
"346";"Wood and plastic tray in which electronic tags can be embedded";"LI TAO 
ZHANG ZHIYONG 
QIN YING 
PENG ZHIGUANG 
TIAN HUATING";"YUNNAN KSEC DIGITAL TECHNOLOGY CO LTD";"CN203793855U";"2013-12-31";"B65D19/26 
B65D19/38 
B65D19/40";"";"2014-08-27";"2014-08-27";"051376095";
"347";"Identification code-containing device and device system and method for recycling identification code-containing device";"LIU DONGSHENG";"BEIJING LIANBODA TECH CO LTD";"CN110135540A";"2019-05-03";"B65D77/24 
G06K17/00 
G06Q50/26";"B65D77/24 (CN) 
G06K17/0022 (CN) 
G06Q50/26 (CN)";"2019-08-16";"2019-08-16";"067572448";
"348";"Anti-counterfeiting ring with display screen";"ZHANG HONGWEI 
ZHAO SHAOHUA 
ZHAO WEI";"XIAN BAOLAITE PHOTOELECTRIC TECH CO LTD";"CN213893634U";"2020-10-30";"B65D51/24 
B65D55/02";"Y02W30/80 (EP)";"2021-08-06";"2021-08-06";"077115671";
"349";"FIBRE DE POLYESTER CRISTALLIN LIQUIDE ET STRUCTURE FIBREUSE";"IKEHATA KEIICHI [JP] 
TSUJIMOTO TAKUYA [JP] 
HAYASHI YOSHIYUKI [JP] 
NONAKA YOSHIMI [JP] 
YAGATA TAICHI [JP]";"KURARAY CO [JP]";"WO2026004302A1";"2024-06-27";"D01F6/62 
D01F6/84";"D01F6/62 (EP) 
D01F6/84 (EP)";"2026-01-02";"2026-01-02";"098221384";
"350";"Sample sampling tube containing scraping needle and application method thereof";"CHANG ZHIJUN 
LIN BINGCAN 
WANG JUN 
CHEN QIZHEN 
LIAO JUNHAI";"MINDU INNOVATION LAB";"CN117871885A";"2023-12-19";"G01N27/62 
G01N35/10";"G01N27/62 (CN) 
G01N35/10 (CN) 
G01N2035/1048 (CN) 
G01N35/1095 (CN)";"2024-04-12";"2024-04-12";"090587541";
"351";"Environmental properties of plastic additives";"GRUMBRECHT BJU RN 
KLOSTERHALFEN STEFAN T 
ANDERLOHR CHRISTOPHER ALEC 
KRUGER CHRISTIAN 
BINDER MICHAEL 
ALBA PEREZ AURELIO 
WENZL KLAUS 
REED MARK 
LOISEL KAREN 
DOWLING ZACHARY T 
BARTH NICOLE 
PISTILLO ANTHONY";"BASF SE";"CN118435221A";"2022-10-14";"G06Q10/0833 
G06Q10/10 
G06Q10/30 
G06Q50/04 
H04L9/00 
H04L9/40";"";"2024-08-02";"2024-08-02";"092335374";
"352";"Pull buckle with display screen";"ZHANG HONGWEI 
ZHAO SHAOHUA 
ZHAO WEI";"XIAN BAOLAITE PHOTOELECTRIC TECH CO LTD";"CN213458721U";"2020-10-30";"G09F3/20 
G09F9/00";"";"2021-06-15";"2021-06-15";"076297119";
"353";"RECYCLED CONTENT PARAXYLENE AND RELATED CHEMICAL COMPOUNDS FROM WASTE PLASTIC";"COLLINS NICK ALLEN [US] 
BITTING DARYL [US] 
POLASEK MICHAEL GARY [US] 
WU XIANCHUN [US] 
SLIVENSKY DAVID EUGENE [US]";"EASTMAN CHEM CO [US]";"US20260035624A1";"2022-08-03";"C07C51/255 
C07C51/36 
C07C63/26 
C10G55/04";"C07C51/255 (US) 
C07C51/265 (EP,KR) 
C07C51/36 (US) 
C07C51/43 (EP,KR) 
C07C63/26 (KR,US) 
C07C7/04 (EP) 
C08G63/183 (EP,KR) 
C08J11/12 (EP,KR) 
C10G1/002 (EP,KR) 
C10G1/10 (EP,KR) 
C10G55/04 (US) 
C10G9/36 (EP,KR) 
C08J2367/02 (EP,KR) 
C10G2300/1003 (US) 
C10G2400/30 (US) 
C07C51/265, C07C63/26, INV (EP)       
C07C51/43, C07C63/26, INV (EP)       
C07C7/04, C07C11/08, INV (EP)      ";"2026-02-05";"2024-02-08";"089849767";
"354";"Automatic peeling equipment for plastic pipes";"WANG BAICHAO 
WU XIAOMING 
FAN JIN 
WANG MIN 
PU JINCAI";"CHONGQING WEIXING NEW BUILDING MAT CO LTD";"CN120396016A";"2025-06-23";"B26D1/00 
B26D1/02 
B26D5/28 
B26D7/06 
B26D7/26 
B26D7/27 
B41J2/01 
B41J3/407";"B26D1/0006 (CN) 
B26D1/02 (CN) 
B26D5/28 (CN) 
B26D7/0625 (CN) 
B26D7/2628 (CN) 
B26D7/27 (CN) 
B41J2/01 (CN) 
B41J3/40733 (CN) 
B26D2001/006 (CN)";"2025-08-01";"2025-08-01";"096526888";
"355";"Intelligent garbage classification transportation control method, system and equipment";"WANG RUYI 
CAI ZHI 
CHAO YUTAO 
ZENG CHUANSHUN 
LI ANG 
LI YUMING 
ZHANG HUAIGUI 
LI ANGZHE 
CHEN JIEHUA";"GUANGZHOU INST TECH";"CN120296086A";"2025-02-28";"G06F16/27 
G06F18/213 
G06F18/25 
G06K17/00 
G06N3/0464 
G06V10/764 
G06V10/82";"G06F16/27 (CN) 
G06F18/213 (CN) 
G06F18/253 (CN) 
G06K17/00 (CN) 
G06N3/0464 (CN) 
G06V10/764 (CN) 
G06V10/82 (CN)";"2025-07-11";"2025-07-11";"096266175";
"356";"PROCÉDÉ DE RECYCLAGE DE BOUE AQUEUSE ET/OU DE DÉCHETS AQUEUX";"YIN WUJI [CN]";"YIN WUJI [CN]";"WO2015010406A1";"2013-07-25";"C02F11/00 
C04B7/24 
C04B7/38 
C10L9/10";"C02F11/008 (EP,US) 
C04B7/24 (EP,US) 
C04B7/38 (EP,US) 
C10L1/326 (EP,US) 
C10L5/00 (EP,US) 
C10L5/366 (EP,US) 
C10L9/08 (EP,US) 
C10L9/10 (EP,US) 
C10L2290/24 (EP,US) 
C10L2290/28 (EP,US) 
C10L5/04 (EP,US) 
C10L5/42 (EP,US) 
C10L5/445 (EP,US) 
C10L5/46 (EP,US) 
Y02P40/10 (EP,US)";"2015-01-29";"2015-01-29";"052392658";
"357";"Rotary anti-counterfeiting bottle cap with display screen assembly";"ZHANG HONGWEI 
ZHAO SHAOHUA 
ZHAO WEI";"XIAN POLYMER LIGHT TECH CORP";"CN211767514U";"2019-12-13";"B65D49/12 
G09F9/00";"Y02W30/80 (EP)";"2020-10-27";"2020-10-27";"072981370";
"358";"Recycled article chaining method and system based on blockchain and Internet of Things equipment";"LIU XUESONG";"BEIJING BOTTLOOP CULTURE COMMUNICATION CO LTD";"CN112261123A 
CN112261123B";"2020-10-20";"H04L29/06 
H04L29/08 
H04L9/32 
H04L67/10 
H04L9/40";"H04L63/0428 (CN) 
H04L63/0442 (CN) 
H04L63/083 (CN) 
H04L63/0876 (CN) 
H04L67/10 (CN) 
H04L9/3247 (CN) 
H04L9/50 (CN)";"2021-01-22 
2023-12-19";"2021-01-22";"074245020";
"359";"PROCÉDÉ DE FABRICATION DE MATIÈRES PREMIÈRES POUR LA PRODUCTION DE CHAUSSURES, LES MATIÈRES PREMIÈRES ÉTANT DÉRIVÉES DE LOTS DE CHAUSSURES RECYCLÉES, APPAREIL POUR LA MISE EN ŒUVRE DU PROCÉDÉ, ET MATIÈRE PREMIÈRE POUR LA PRODUCTION DE CHAUSSURES OBTENUES SELON LE PROCÉDÉ";"HEILIG MARIEKE [NL] 
PORMES DANNY [NL]";"FASTFEETGRINDED B V [NL]";"WO2026095796A2";"2024-10-31";"B29B17/00 
B29B17/02 
C10B53/07 
B29L31/50";"B29B17/0026 (EP) 
B29B17/02 (EP) 
C10B53/07 (EP) 
B29L2031/50 (EP) 
Y02W30/62 (EP)";"2026-05-07";"2026-05-07";"098058948";
"360";"RECYCLED CONTENT PARAXYLENE FROM WASTE PLASTIC";"COLLINS NICK ALLEN [US] 
BITTING DARYL [US] 
POLASEK MICHAEL GARY [US] 
WU XIANCHUN [US] 
SLIVENSKY DAVID EUGENE [US]";"EASTMAN CHEM CO [US]";"US20260042968A1";"2022-08-03";"C10G69/06";"C07C7/04 (EP) 
C10G1/002 (EP) 
C10G1/10 (EP) 
C10G51/023 (EP) 
C10G51/04 (EP) 
C10G69/06 (EP,US) 
C10B53/07 (EP) 
C10G2300/1003 (EP,US) 
C10G2300/205 (US) 
C10G2300/207 (US) 
C10G2300/4006 (US) 
C10G2300/4012 (US) 
C10G2300/807 (US) 
C10G2400/02 (US) 
C10G2400/20 (EP) 
C10G2400/30 (US) 
C07C7/04, C07C15/02, INV (EP)       
C07C7/04, C07C15/06, INV (EP)       
C07C7/04, C07C15/08, INV (EP)      ";"2026-02-12";"2024-02-08";"089849785";
"361";"RECYCLED CONTENT METAXYLENE AND RELATED CHEMICAL COMPOUNDS FROM WASTE PLASTIC";"COLLINS NICK ALLEN [US] 
BITTING DARYL [US] 
POLASEK MICHAEL GARY [US] 
WU XIANCHUN [US] 
SLIVENSKY DAVID EUGENE [US]";"EASTMAN CHEM CO [US]";"US20260035330A1";"2022-08-03";"C07C51/265 
C08G63/183 
C08G63/688 
C08J11/12 
C10B53/07";"C07C5/2732 (EP) 
C07C51/265 (EP,US) 
C07C7/005 (EP) 
C07C7/04 (EP) 
C08G63/183 (EP,US) 
C08G63/48 (EP) 
C08G63/6886 (EP,US) 
C08G63/78 (EP) 
C08J11/12 (US) 
C10B53/07 (US) 
C10G1/10 (EP) 
C07C5/2732, C07C15/08, INV (EP)       
C07C51/265, C07C63/24, INV (EP)       
C07C7/005, C07C15/08, INV (EP)       
C07C7/04, C07C15/08, INV (EP)      ";"2026-02-05";"2024-02-08";"089849754";
"362";"ENVIRONMENTAL ATTRIBUTES FOR CARE COMPOSITION INGREDIENTS";"GRUMBRECHT BASTIAN [DE] 
KLOSTERHALFEN STEFFEN [DE] 
KRUEGER CHRISTIAN [DE] 
ALBA PEREZ ANA [DE] 
BINDER MARTIN [DE] 
PISTILLO ALESSANDRO [DE] 
ANDERLOHR CHRISTOPHER ALEC [DE] 
WENZL KURT [DE]";"BASF SE [DE]";"US20260171197A1";"2021-12-21";"G16C20/50";"C08F218/08 (US) 
C08F236/10 (US) 
G06K19/0772 (US) 
G06Q10/06 (EP) 
G06Q10/063 (KR) 
G06Q10/0631 (US) 
G06Q10/08 (EP,KR) 
G06Q10/0833 (EP,US) 
G06Q10/087 (US) 
G06Q10/0872 (EP,KR) 
G06Q10/30 (EP,US) 
G06Q30/018 (EP,KR,US) 
G06Q40/06 (EP,US) 
G06Q50/04 (EP,KR,US) 
G16C20/50 (US) 
G16C20/80 (US) 
G16C20/90 (EP,US) 
H01M10/04 (US) 
H01M10/4221 (KR,US) 
H01M10/425 (KR,US) 
H04L63/00 (EP) 
H04L9/0866 (KR) 
H04L9/50 (EP,KR) 
C08F214/06 (EP) 
C08F214/08 (EP) 
C08F218/08 (EP) 
C08F218/10 (EP) 
G06Q2220/00 (EP,KR,US) 
H01M2010/4278 (KR,US) 
Y02E60/10 (EP) 
C08F214/06, C08F220/06, ADD (EP)       
C08F214/06, C08F222/02, ADD (EP)       
C08F214/08, C08F220/06, ADD (EP)       
C08F214/08, C08F222/02, ADD (EP)       
C08F218/08, C08F220/06, ADD (EP)       
C08F218/08, C08F222/02, ADD (EP)       
C08F218/10, C08F220/06, ADD (EP)       
C08F218/10, C08F222/02, ADD (EP)       
C08F236/06, C08F212/08, ADD (EP)      ";"2026-06-18";"2023-06-28";"084602528";
"363";"Recovery of component amorphous polyolefins";"DEBRUYNE BRUCE ROGER 
BETTING DARRYL 
SLEVINSKY DAVID EUGENE 
WU XIANCHUN 
TRAPP WILLIAM LEWIS";"EASTMAN CHEM CO";"CN115427488A";"2020-04-13";"C08F210/16 
C08J11/10 
C08J11/12 
C08L23/16";"C08F2/01 (KR) 
C08F210/02 (KR) 
C08F210/06 (KR) 
C08F210/16 (KR,US) 
C08F4/602 (KR) 
C08J11/08 (US) 
C08J11/10 (EP,KR) 
C08J11/12 (KR,US) 
C08J11/24 (KR) 
C08F10/06 (EP) 
C08J2323/08 (EP) 
C08J2323/10 (KR) 
C08J2323/12 (EP) 
C08L2207/20 (EP) 
C08L23/16 (EP) 
Y02W30/62 (EP,KR)";"2022-12-02";"2021-10-21";"078085211";
"364";"Test tube film sealing machine capable of automatically identifying tube type";"XIA GAOXIN 
WANG JIYAO 
LU YOUPING 
CAI XINYING";"KANGSI MAITE SHANGHAI BIOTECHNOLOGY CO LTD";"CN223560024U";"2024-12-23";"B65B11/00 
B65B61/10 
B65B61/26";"Y02P70/10 (EP)";"2025-11-18";"2025-11-18";"097673383";
"365";"Anti-counterfeiting device capable of being destroyed immediately after being opened";"ZHANG HONGWEI 
ZHAO SHAOHUA 
ZHAO WEI";"XIAN POLYMER LIGHT TECH CORP";"CN211766768U";"2019-12-13";"B65B55/02";"";"2020-10-27";"2020-10-27";"072981328";
"366";"Easy-to-disassemble and easy-to-stack packaging box with reusable bookmark";"ZONG DONGSHENG 
PENG SIYAO 
CHEN ZIXIAO 
ZHANG XIAOFAN 
WU HUAYONG 
XU FEIYANG 
LONG HONGYIN 
SUN CHANG 
ZHOU ZIJUN 
NAN YANGLI";"UNIV SHENYANG PHARMACEUTICAL";"CN222347735U";"2024-05-23";"B65D25/54 
B65D77/30";"Y02W30/80 (EP)";"2025-01-14";"2025-01-14";"094200467";
"367";"Method for breeding beef cattle and mutton sheep standardly on large scale through photovoltaic facilities";"DING ZHIQIANG 
ZHENG HUAIDONG 
ZHUANG ZHENG 
DING XIAONAN";"DING ZHIQIANG 
ZHENG HUAIDONG 
ZHUANG ZHENG 
DING XIAONAN";"CN104115756A 
CN104115756B";"2014-07-29";"A01G1/00 
A01K1/02 
A01K67/02 
A23K10/26 
A23K10/30 
A23K10/37 
A23K20/20 
A23K20/22 
A23K50/10";"Y02P60/52 (EP) 
Y02P60/87 (EP)";"2014-10-29 
2017-02-15";"2014-10-29";"051761567";
"368";"ATTRIBUTS ENVIRONNEMENTAUX POUR ADDITIFS PLASTIQUES";"GRUMBRECHT BASTIAN [DE] 
KLOSTERHALFEN STEFFEN THOMAS [DE] 
ANDERLOHR CHRISTOPHER ALEC [DE] 
KRUGER CHRISTIAN [DE] 
BINDER MARTIN [DE] 
ALBA PEREZ ANA [DE] 
WENZL KURT [DE] 
LEED MARINA [DE] 
LOISEL KATELL [DE] 
DOWLING ZACHARY THOMAS [US] 
BARTH NATALIE [DE] 
PISTILLO ALESSANDRO [DE]";"BASF SE [DE]";"CA3241309A1";"2021-12-21";"G06Q10/0833 
G06Q10/10 
G06Q10/30 
G06Q50/04 
H04L9/40";"G06Q10/06 (EP) 
G06Q10/063 (KR) 
G06Q10/08 (EP,KR) 
G06Q10/0833 (EP) 
G06Q10/30 (EP,KR) 
G06Q30/018 (EP,KR) 
G06Q50/04 (EP,KR) 
H01M10/4221 (KR) 
H01M10/425 (KR) 
H04L63/00 (EP) 
H04L9/0866 (KR) 
H04L9/50 (EP,KR) 
G06Q2220/00 (EP,KR) 
H01M2010/4278 (KR)";"2023-06-29";"2023-06-29";"091582775";
"369";"Method and system for standardizing medical waste recovery";"CHEN XIA";"FIRST PEOPLES HOSPITAL NANTONG";"CN113277238A";"2021-05-25";"B65F1/00 
B65F1/14";"B65F1/0033 (CN) 
B65F1/14 (CN) 
B65F2210/138 (CN) 
B65F2210/176 (CN)";"2021-08-20";"2021-08-20";"077281558";
"370";"RECYCLED CONTENT PARAXYLENE FROM WASTE PLASTIC";"WU XIANCHUN [US] 
BITTING DARYL [US] 
COLLINS NICK ALLEN [US] 
POLASEK MICHAEL GARY [US] 
SLIVENSKY DAVID EUGENE [US]";"EASTMAN CHEM CO [US]";"US20260103562A1";"2022-08-03";"C07C4/04 
C07C51/16 
C08G63/183";"C07C4/04 (US) 
C07C51/16 (US) 
C07C51/265 (EP) 
C07C7/04 (EP) 
C08G63/183 (US) 
C10G1/002 (EP) 
C10G1/10 (EP) 
C10G35/00 (EP) 
C10G69/08 (EP) 
C10G9/36 (EP) 
C07C51/265, C07C63/26, INV (EP)       
C07C7/04, C07C15/04, INV (EP)       
C07C7/04, C07C15/06, INV (EP)       
C07C7/04, C07C15/08, INV (EP)      ";"2026-04-16";"2024-02-08";"089849756";
"371";"IMPIANTO E METODO DI TRATTAMENTO DI PRODOTTI ALIMENTARI CON TRACCIABILITA' E INVOLUCRO DI CONTENIMENTO DI PRODOTTI ALIMENTARI E RELATIVO METODO DI PRODUZIONE";"SABBADINI MICHELE";"GUSTOCHEF S R L [IT]";"IT201900010773A1";"2019-07-03";"A23L";"G06Q10/0833 (EP) 
G06K19/0723 (EP)";"2021-01-03";"2021-01-03";"068426695";
"372";"Industrialized production method of green cordyceps militaris";"LIU YANJUN 
DING ZHIQIANG 
LIU ZHAOCHANG";"LIU YANJUN 
DING ZHIQIANG 
LIU ZHAOCHANG";"CN103843583A 
CN103843583B";"2014-03-06";"A01G1/04";"";"2014-06-11 
2016-06-29";"2014-06-11";"050852043";
"373";"Domestic waste intelligent classification management platform";"DENG CAILIANG 
LUO KANGYONG 
LIU YUN 
ZHAO QING";"SHENZHEN BATIAN ECOTYPIC ENG";"CN106023041A";"2016-06-17";"G06Q50/26";"G06Q50/26 (CN)";"2016-10-12";"2016-10-12";"057088803";
"374";"RECYCLING METHOD OF OPTICAL ELEMENT, REUSING METHOD OF OPTICAL ELEMENT, SORTING METHOD OF OPTICAL ELEMENT, REUSING METHOD OF OPTICAL ELEMENT INCLUSION BODY, OPTICAL ELEMENT INCLUSION BODY, LIGHTING DEVICE, AND DISPLAY DEVICE";"ABIKO TORU 
YO TAKUCHU 
JINNO YOHEI";"SONY CORP";"JP2010023304A 
JP5092957B2";"2008-07-17";"B29B17/00 
G02F1/1335 
G09F9/00 
G06K19/07";"Y02W30/62 (EP)";"2010-02-04 
2012-12-05";"2010-02-04";"041729601";
"375";"Marine plastic garbage material identification method and system, electronic equipment and storage medium";"CHEN GUANGHUI 
HE WEI 
FANG MIN 
CHEN YAHONG 
ZHOU YIFAN";"HANGZHOU BRANCH OF ZHEJIANG LANJING TECH CO LTD 
ZHEJIANG LANJING TECH CO LTD";"CN115187870A 
CN115187870B";"2022-09-13";"G06V10/20 
G06V10/764 
G06V10/774 
G06V20/10 
G06V20/70";"G06V10/20 (CN) 
G06V10/764 (CN) 
G06V10/774 (CN) 
G06V10/82 (CN) 
G06V20/194 (CN) 
G06V20/70 (CN) 
Y02W30/62 (EP)";"2022-10-14 
2023-01-03";"2022-10-14";"083524847";
"376";"Garbage classification recycling intelligent management system based on Internet of Things";"CHEN XUEFEI 
WANG XINGYE 
CAO LIMING 
GAO XIAOSONG";"SHANGHAI SIQIAN ENVIRONMENTAL TECH CO LTD";"CN121456794A";"2025-10-24";"G06F18/213 
G06F18/2413 
G06F18/25 
G06Q10/30";"G06F18/213 (CN) 
G06F18/2413 (CN) 
G06F18/256 (CN) 
G06Q10/30 (CN)";"2026-02-03";"2026-02-03";"098585142";
"377";"Surface wiredrawing treatment method for metal plate";"GUO HUIYUN 
LIU QINGPING 
HE HANKUN";"ZHUHAI FUJI INTELLIGENT CO LTD";"CN121290176A";"2025-12-11";"B24B1/00 
B24B27/00 
B24B49/00 
B24B49/12 
B24B51/00 
G06F18/10 
G06F18/213 
G06F18/22 
G06F18/25 
G06F9/50";"";"2026-01-09";"2026-01-09";"098290215";
"378";"Aluminum-plastic interface in-situ morphology and spectrum combined analysis system and analysis method in hydrothermal environment";"WANG YUZHEN 
LU AO 
FANG CHANGQING";"UNIV XIAN TECHNOLOGY";"CN120668603A";"2025-06-30";"G01B11/24 
G01N21/3563 
G01N21/65 
G01N21/88";"G01B11/24 (CN) 
G01N21/3563 (CN) 
G01N21/65 (CN) 
G01N21/8851 (CN) 
G01N2021/3595 (CN)";"2025-09-19";"2025-09-19";"097047271";
"379";"Degradable high-toughness e-commerce plastic packaging bag material and preparation method thereof";"CHEN LEIMING";"GUOYANG CHIMEI PACKING MAT CO LTD";"CN120966213A";"2025-08-05";"B65D30/08 
B65D33/00 
B65D65/46 
C08G81/00 
C08J5/18 
C08J7/04 
C08K3/34 
C08K5/00 
C08K9/04 
C08L1/02 
C08L23/0807 
C08L67/04 
C08L87/00 
C08L97/02 
C08L99/00 
C09D105/08 
C09D5/14 
G06K19/06 
G06K19/077";"B65D29/02 (CN) 
B65D33/004 (CN) 
B65D65/46 (CN) 
C08G81/00 (CN) 
C08J5/18 (CN) 
C08J7/0427 (CN) 
C08L67/04 (CN) 
C09D105/08 (CN) 
C09D5/14 (CN) 
G06K19/0614 (CN) 
G06K19/07745 (CN) 
G06K19/07758 (CN) 
G06K19/07773 (CN) 
C08K2003/2296 (CN) 
C08K2201/011 (CN) 
C08L2201/06 (CN) 
C08L67/04, C08L23/0815, C08L97/02, C08L1/02, C08L99/00, C08L87/005, C08K9/04, C08K3/346, C08K5/005, INV (CN)       
C09D105/08, C08K3/22, C08K9/10, C08K5/01, INV (CN)      ";"2025-11-18";"2025-11-18";"097644520";
"380";"PALLET IN CARTONE SMONTABILE A 2 O 4 VIE STOCCABILE SU PORTAPALLET DENOMINATO ""PALLET ECO2"".";"STARNINI SUE ELENA";"STARNINI SUE ELENA [IT]";"ITPG20140005U1";"2014-04-07";"";"";"2015-10-07";"2015-10-07";"065407206";
"381";"Layered temperature control construction process for mass concrete in gobi environment";"XIE LIANGXIAO 
LIU YONG 
CHEN ZHIBO 
TAN YUANWU 
YAO SHUFENG 
WANG WANGU 
LIU QIANG 
YU WENTAO 
QIN HUIHUI 
CHEN YIMING 
CAI ZHIJIE";"GUANGDONG YUANTIAN ENG CO LTD";"CN121250910A";"2025-09-23";"C04B28/08 
E02D15/00 
E02D27/42 
E04G21/24 
F24T10/13 
G01K7/18";"C04B28/08 (CN) 
E02D15/00 (CN) 
E04G21/246 (CN) 
F24T10/13 (CN) 
G01K7/18 (CN) 
E02D27/425 (CN) 
C04B28/08, C04B18/08, C04B18/141, C04B18/12, C04B14/06, C04B24/24, INV (CN)      ";"2026-01-02";"2026-01-02";"098179889";
"382";"Automated manufacturing control system";"MONETTE FRANCOIS [CA] 
CORRIVEAU ANDRE [CA] 
DUBOIS VINCENT [CA]";"COGISCAN INC [CA]";"US2006200261A1 
US7286888B2";"2000-04-20";"G05B19/418 
G06F19/00";"G05B19/4183 (EP,US) 
G05B19/41865 (EP,US) 
G05B2219/31095 (EP,US) 
G05B2219/32197 (EP,US) 
G05B2219/33192 (EP,US) 
G05B2219/33203 (EP,US) 
G05B2219/49302 (EP,US) 
Y02P90/02 (EP,US)";"2006-09-07 
2007-10-23";"2001-11-01";"027427603";
"383";"Raspberry pie control based management system for medical waste temporary storage site";"CHENG SIMING";"CHENG SIMING";"CN112478512A 
CN112478512B";"2020-11-30";"B65C9/26 
B65C9/46 
B65F1/00 
B65F1/10 
B65F1/14 
B65F1/16 
B65F7/00 
G06K17/00";"B65C9/26 (CN) 
B65C9/46 (CN) 
B65F1/0053 (CN) 
B65F1/10 (CN) 
B65F1/14 (CN) 
B65F1/1623 (CN) 
B65F7/00 (CN) 
G06K17/0022 (CN) 
B65F2001/008 (CN) 
B65F2001/1653 (CN) 
B65F2210/138 (CN) 
B65F2210/176 (CN) 
B65F2210/178 (CN) 
B65F2210/184 (CN) 
Y02W30/10 (EP)";"2021-03-12 
2022-09-23";"2021-03-12";"074937244";
"384";"A two -dimensional code foot ring for poultry sign information acquisition that traces to source";"LIU YANFENG 
HUANG LONGHUANG";"LIU YANFENG";"CN207284742U";"2017-07-27";"A01K35/00";"";"2018-05-01";"2018-05-01";"062444241";
"385";"Safety container for the storage and recycling of documents in paper, cds, dvds, and other data supports. (Machine-translation by Google Translate, not legally binding)";"BARCELO PEREZ MANUEL [ES] 
ANDREU DIAZ FRANCISCO [ES]";"RESET ECO S L L [ES]";"ES1114455U 
ES1114455Y";"2014-04-11";"B42F13/08";"";"2014-06-30 
2014-09-22";"2014-06-30";"050980809";
"386";"METHOD OF MANUFACTURING RESIN MATERIAL, AND RESIN MATERIAL";"ISAKI TAKEHARU";"MITSUI CHEMICALS INC";"JP2025057873A";"2023-09-28";"B29B17/00 
C08J3/215";"Y02W30/62 (EP)";"2025-04-09";"2025-04-09";"095287266";
"387";"RECYCLED CONTENT ORGANIC CHEMICAL COMPOUNDS FROM WASTE PLASTIC";"COLLINS NICK ALLEN [US] 
BITTING DARYL [US] 
POLASEK MICHAEL GARY [US] 
WU XIANCHUN [US] 
SLIVENSKY DAVID EUGENE [US]";"EASTMAN CHEM CO [US]";"US20260035324A1";"2022-08-03";"C07C13/18 
C07C15/04 
C07C15/06 
C07C55/14 
C07D223/02 
C08G69/00 
C10G55/04 
C10G55/06";"C07C13/18 (US) 
C07C15/04 (US) 
C07C15/06 (US) 
C07C2/64 (EP) 
C07C2/76 (EP) 
C07C201/08 (EP) 
C07C209/36 (EP) 
C07C253/22 (EP) 
C07C263/10 (EP) 
C07C37/08 (EP) 
C07C37/115 (EP) 
C07C5/11 (EP) 
C07C5/327 (EP) 
C07C5/48 (EP) 
C07C51/265 (EP) 
C07C51/31 (EP) 
C07C55/14 (US) 
C07C67/08 (EP) 
C07D223/02 (US) 
C07D307/91 (EP) 
C08G18/7621 (EP) 
C08G69/00 (US) 
C08G69/14 (EP) 
C08G69/26 (EP) 
C10G55/04 (US) 
C10G55/06 (US) 
C10G2300/1003 (US) 
C10G2400/02 (US) 
C10G2400/30 (US) 
C07C2/64, C07C15/073, INV (EP)       
C07C2/64, C07C15/085, INV (EP)       
C07C2/76, C07C15/14, INV (EP)       
C07C201/08, C07C205/06, INV (EP)       
C07C209/36, C07C211/50, INV (EP)       
C07C253/22, C07C255/09, INV (EP)       
C07C263/10, C07C265/14, INV (EP)       
C07C37/08, C07C39/04, INV (EP)       
C07C37/115, C07C39/16, INV (EP)       
C07C5/11, C07C13/18, INV (EP)       
C07C5/327, C07C15/46, INV (EP)       
C07C5/48, C07C15/46, INV (EP)       
C07C51/265, C07C63/06, INV (EP)       
C07C51/31, C07C55/14, INV (EP)       
C07C67/08, C07C69/78, INV (EP)      ";"2026-02-05";"2024-02-08";"087748154";
"388";"POST-CONSUMER MATERIALS COLLECTION WITH DUAL USE REVERSIBLE BAG";"EWART GORDON ALAN 
GALLAGHER DANIAL PATRICK";"CURBY RESCUE PTY LTD [AU]";"AU2023277212A1";"2022-05-24";"B65F1/00 
A45C3/04 
B07C5/34 
B65F1/14 
G06Q10/0832 
G06Q10/30";"A45C3/001 (EP) 
A45C3/04 (EP,AU) 
B07C5/3412 (AU) 
B65F1/0006 (EP,AU) 
B65F1/1484 (AU) 
G06Q10/0832 (EP,AU) 
G06Q10/30 (EP,AU) 
B65F2210/129 (EP) 
B65F2210/15 (EP)";"2025-01-16";"2023-11-30";"088918034";
"389";"一种基于内外双重标识与链路数据的防伪溯源方法";"";"";"CN122198993A";"2026-03-04";"G06K17/00 
G06Q10/083 
G06Q30/018";"";"2026-06-12";"2026-06-12";"100052888";
"390";"System and method capable of automatically identifying and recording collected and transported classified junk information";"LUO WEI 
XIAO CHUNYAN 
ZHANG NAN";"BEIJING SOUND SANITATION INVEST CO LTD";"CN109969656A";"2019-04-24";"B65F1/00 
B65F1/06 
B65F1/14 
G06K17/00 
G06Q10/00";"B65F1/00 (CN) 
B65F1/06 (CN) 
B65F1/14 (CN) 
G06K17/0029 (CN) 
G06Q10/30 (CN) 
B65F2210/138 (CN) 
B65F2210/176 (CN) 
B65F2210/184 (CN) 
Y02W30/10 (EP) 
Y02W90/00 (EP)";"2019-07-05";"2019-07-05";"067086121";
"391";"Automatic lock catch production line and method";"LIU YUMEI 
DENG QINGPING 
HU TAO 
JUNG KYUNG-HAN 
TAN HONG";"GUANGDONG TONEY ROBOTIC INTELLIGENCE CO LTD";"CN121590033A";"2025-11-12";"B07C5/02 
B07C5/34 
B07C5/36 
B23P23/06 
B29C65/00 
B29C65/02 
B29C65/78 
B65B35/16 
B65B51/06 
B65B65/00 
G01N21/01 
G01N21/88 
G01V8/10";"B07C5/02 (CN) 
B07C5/34 (CN) 
B07C5/362 (CN) 
B23P23/06 (CN) 
B29C65/02 (CN) 
B29C65/7805 (CN) 
B29C65/7858 (CN) 
B29C66/41 (CN) 
B29C66/742 (CN) 
B29C66/81 (CN) 
B29C66/9141 (CN) 
B29C66/922 (CN) 
B29C66/924 (CN) 
B65B35/16 (CN) 
B65B51/067 (CN) 
B65B65/003 (CN) 
G01N21/01 (CN) 
G01N21/88 (CN) 
G01V8/10 (CN) 
G01N2021/0112 (CN)";"2026-03-03";"2026-03-03";"098875321";
"392";"Shared tray management system and rental platform based on Internet of Things";"YANG BOJIAN 
WANG KAI 
LI MING";"ZHEJIANG JIUDING SUPPLY CHAIN MAN CO LTD";"CN115456522A";"2022-09-05";"G06K19/077 
G06Q10/00 
G06Q10/08 
G06Q30/06 
G16Y10/40 
G16Y10/45 
G16Y40/60 
H04L67/12";"G06K19/07758 (CN) 
G06Q10/0833 (CN) 
G06Q10/30 (CN) 
G06Q30/0645 (CN) 
G16Y10/40 (CN) 
G16Y10/45 (CN) 
G16Y40/60 (CN) 
H04L67/12 (CN)";"2022-12-09";"2022-12-09";"084300880";
"393";"RECYCLED CONTENT DIMETHYL TEREPHTHALATE AND RELATED CHEMICAL COMPONENTS FROM WASTE PLASTIC";"COLLINS NICK ALLEN [US] 
BITTING DARYL [US] 
POLASEK MICHAEL GARY [US] 
WU XIANCHUN [US] 
SLIVENSKY DAVID EUGENE [US]";"EASTMAN CHEM CO [US]";"US20260035533A1";"2022-08-03";"C07C29/149 
C07C51/265 
C07C67/39 
C08G63/183 
C08G63/78 
C08J11/12 
C10B53/07";"C07C15/08 (KR) 
C07C29/149 (EP,KR,US) 
C07C31/276 (KR) 
C07C4/04 (EP,KR) 
C07C51/265 (EP,KR,US) 
C07C51/60 (EP,KR) 
C07C63/04 (KR) 
C07C63/26 (KR) 
C07C67/08 (EP,KR) 
C07C67/313 (EP,KR) 
C07C67/39 (EP,KR,US) 
C07C69/76 (KR) 
C07C69/82 (KR) 
C08G63/183 (EP,KR,US) 
C08G63/78 (US) 
C08J11/12 (KR,US) 
C10B53/07 (US) 
C10G1/10 (EP,KR) 
C10G9/36 (EP,KR) 
C07C2601/14 (EP) 
C07C29/149, C07C31/276, INV (EP)       
C07C4/04, C07C15/08, INV (EP)       
C07C51/265, C07C53/134, INV (EP)       
C07C51/265, C07C63/04, INV (EP)       
C07C51/265, C07C63/26, INV (EP)       
C07C51/60, C07C63/26, INV (EP)       
C07C67/08, C07C69/76, INV (EP)       
C07C67/08, C07C69/82, INV (EP)       
C07C67/313, C07C69/82, INV (EP)       
C07C67/39, C07C69/82, INV (EP)      ";"2026-02-05";"2024-02-08";"087571261";
"394";"Procédé et dispositif de calibrage et de conditionnement de fruits à faible temps de conservation";"BLANC PHILIPPE [FR]";"MATERIEL ARBORICULTURE [FR]";"EP1318075A1 
EP1318075B1";"2001-12-07";"B65B25/04 
B65B25/04";"B65B25/04 (EP)";"2003-06-11 
2006-07-19";"2003-06-11";"008182591";
"395";"Management method of BIM (Building Information Modeling) engineering data";"XUE JING 
AN ZONGLI 
LUO XIAO";"CCCC SECOND HIGHWAY ENG CO LTD";"CN118550875A";"2024-05-24";"G06F16/11 
G06F16/13 
G06F16/178 
G06F21/62 
G06Q10/0635 
G06Q10/10 
G06Q50/08";"G06F16/122 (CN) 
G06F16/137 (CN) 
G06F16/178 (CN) 
G06F21/6227 (CN) 
G06Q10/0635 (CN) 
G06Q10/103 (CN) 
G06Q50/08 (CN)";"2024-08-27";"2024-08-27";"092445316";
"396";"METHOD FOR CONTROLLING PRODUCTION OF PHOTOGRAPHIC FILM CARTRIDGE";"MITA AKIHIRO";"FUJI PHOTO FILM CO LTD";"JP2000066340A";"1998-06-09";"B23P21/00 
B23Q41/08 
B65G1/137 
G03C3/00 
B23P21/00 
B23Q41/08 
B65G1/137 
B65G61/00 
G03C3/00 
G05B19/418";"Y02P90/02 (EP)";"2000-03-03";"2000-03-03";"026473372";
"397";"RECYCLED CONTENT PARAXYLENE FROM WASTE PLASTIC";"BITTING DARYL [US] 
COLLINS NICK ALLEN [US] 
POLASEK MICHAEL GARY [US] 
WU XIANCHUN [US] 
SLIVENSKY DAVID EUGENE [US]";"EASTMAN CHEM CO [US]";"US20260035626A1";"2022-08-03";"C10G69/08";"C10G1/002 (EP) 
C10G1/10 (EP) 
C10G63/04 (EP) 
C10G69/06 (EP) 
C10G69/08 (EP,US) 
C10G2300/1003 (US) 
C10G2300/1044 (US) 
C10G2300/1096 (US) 
C10G2300/807 (US) 
C10G2400/30 (EP,US)";"2026-02-05";"2024-02-08";"089849750";
"398";"Sampling and identifying method for micro-plastics in dust in workplace and application thereof";"ZHOU XINGFAN 
YU MIN 
TANG SHICHUAN 
WANG YUQIAN 
CHEN RUI";"BEIJING MUNICIPAL INST LABOUR PROT 
HANGZHOU MEDICAL COLLEGE";"CN113063749A";"2021-03-19";"G01N1/22 
G01N15/00 
G01N15/10 
G01N21/3563 
G01N30/02 
G01N30/72 
G01N5/00";"G01N1/2205 (CN) 
G01N1/2247 (CN) 
G01N1/2273 (CN) 
G01N15/00 (CN) 
G01N15/10 (CN) 
G01N21/3563 (CN) 
G01N30/02 (CN) 
G01N30/72 (CN) 
G01N5/00 (CN) 
G01N2015/0038 (CN) 
G01N2015/1024 (CN) 
G01N2015/1029 (CN) 
G01N2015/103 (CN)";"2021-07-02";"2021-07-02";"076562869";
"399";"Verfahren zur Identifikation eines Bauteils";"JACOB KEVIN [DE] 
STRASS BENJAMIN [DE] 
RIEMER MATTHIAS [DE] 
SCHEFFLER SÖREN [DE] 
WEIBEL THOMAS [DE]";"FRAUNHOFER GES FORSCHUNG [DE]";"DE102020134191A1 
DE102020134191B4";"2020-12-18";"G01N22/00 
G01N23/046 
G01N25/00 
G01N27/04 
G01N27/72 
G01N29/04";"G06F18/24 (EP)";"2022-06-23 
2024-03-07";"2022-06-23";"081847564";
"400";"Multi-sensor fused intelligent steel scrap sorting system";"WANG LINHUI";"HAIJIANG TECH GROUP CO LTD";"CN120838708A";"2025-07-08";"B07C5/34 
B07C5/36 
B07C5/38 
G06F18/25";"B07C5/34 (CN) 
B07C5/3416 (CN) 
B07C5/361 (CN) 
B07C5/38 (CN) 
G06F18/253 (CN)";"2025-10-28";"2025-10-28";"097411788";
"401";"Fremgangsmåde til nedrivning, opsamling eller afrensning af et bygningsemne eller -materiale samt et kontamineret produkt";"THOMAS HOUGAARD [DK] 
TORBEN CHRISTIANSEN [DK]";"KH MILJOE APS [DK]";"DK180013B1 
DK201870306A1";"2018-05-17";"B08B5/02 
B24C1/00 
E04G23/08 
G01N33/38 
G06K9/00";"B08B5/02 (DK) 
B24C1/00 (DK) 
E04G23/08 (DK) 
G01N33/38 (DK) 
G06F18/00 (DK)";"2020-01-03 
2020-01-22";"2020-01-03";"069156535";
"402";"PALLET SMONTABILE A 4 VIE DENOMINATO PALLET ECOLENIS.";"STARNINI SUE ELENA";"STARNINI SUE ELENA";"ITPG20130018U1";"2013-07-19";"";"";"2015-01-20";"2015-01-20";"050678468";
"403";"Method of controlling a production process and recycle of photo film cartridge or lens-fitted photo film unit";"SANDA AKIHIRO [JP] 
UCHIDA SHOICHI [JP] 
HARA HIROSHI [JP] 
IWASE KAZUHITO [JP]";"FUJI PHOTO FILM CO LTD [US]";"US6205060B1";"1998-06-09";"G11C7/00 
G03B17/26 
G03C11/02 
G03C3/00";"G03B17/26 (EP,US) 
G03C11/02 (EP,US) 
G03C3/00 (EP,US) 
G03B2217/247 (EP,US) 
G03B2219/045 (EP,US)";"2001-03-20";"1999-12-22";"027472351";
"404";"Novel intelligent circulation packaging box capable of replacing tobacco corrugated paper box";"ZHANG AIJUN 
YE YANGMING 
LI WEI";"TIANJIN DEVELOPMENT ZONE JINGRUI PREC MOULD CO LTD";"CN110271738A 
CN110271738B";"2019-06-14";"B65D55/14 
B65D6/16";"B65D55/14 (CN) 
B65D7/24 (CN)";"2019-09-24 
2024-03-08";"2019-09-24";"067960864";
"405";"Resource recovery system based on intelligent scheduling";"LI XIAOHUI 
ZHAO LONG 
ZHANG ZELIANG 
ZHENG LISONG 
WANG HONG 
PENG JIE 
LIU YI 
LI GUODONG 
LONG GUOZHONG";"HUNAN XIANGKE WISDOM TECH CO LTD";"CN121707546A";"2025-12-16";"G06Q10/0631 
G06Q10/30 
G06Q50/26";"Y02W90/00 (EP)";"2026-03-20";"2026-03-20";"099074535";
"406";"INSTALLATIONS POUR DES PARCS OU DES CHAMPS DE PANNEAUX PHOTOVOLTAÏQUES QUI COMPRENNENT DES UNITÉS AUTOMATISÉES POUR LE PRÉ-ASSEMBLAGE DE SÉRIES DE MODULES PHOTOVOLTAÏQUES AVEC DES SYSTÈMES DE SUIVEURS SOLAIRES";"MELIS GIUSEPPE [CO]";"MELIS GIUSEPPE [CO]";"WO2022008958A1";"2020-07-09";"F24S25/12 
F24S25/50 
H02S20/32";"F24S25/12 (EP) 
F24S25/50 (EP) 
H02S20/32 (EP) 
Y02E10/47 (EP) 
Y02E10/50 (EP)";"2022-01-13";"2022-01-13";"079553641";
"407";"Kitchen waste tracing management system";"MENG FANSEN 
MENG FANXIU 
FENG HAIYANG";"ANHUI NATURAL BEAUTY ENVIRONMENTAL SCIENCE AND TECH LIMITED COMPANY";"CN114202344A";"2021-12-10";"B65F1/00 
G06F16/51 
G06Q30/00 
G06V40/16";"B65F1/00 (CN) 
G06F16/51 (CN) 
G06Q30/018 (CN) 
B65F2210/138 (CN)";"2022-03-18";"2022-03-18";"080651950";
"408";"Method and Apparatus for Intelligently Controlling Circulation of Recyclable Container";"LI JUNMIAN [CN] 
ZHOU HUSHUN [CN]";"GUANGZHOU GELI NETWORK TECH CO LTD [CN]";"US2021304548A1";"2019-01-15";"G06K9/00 
G07F7/06 
G07F9/00";"G06Q10/30 (EP) 
G06V40/172 (US) 
G07F7/06 (EP,US) 
G07F7/0609 (EP) 
G07F9/006 (US) 
G07F9/009 (US) 
G06V40/172 (EP) 
Y02W90/00 (EP)";"2021-09-30";"2019-06-18";"066943838";
"409";"PROCEDE ET DISPOSITIF DE CALIBRAGE ET DE CONDITIONNEMENT DE FRUITS A FAIBLE TEMPS DE CONSERVATION";"BLANC PHILIPPE";"MATERIEL ARBORICULTURE [FR]";"FR2812857A1 
FR2812857B1";"2000-08-09";"A23B7/04 
B65B25/04 
B65D5/20 
B65B25/04";"B65B25/04 (EP)";"2002-02-15 
2002-11-08";"2002-02-15";"008853429";
"410";"/ Method Appratus and System for collecting and reusing/recycling used packaging or wasted bottle";"OH SEA IL [KR]";"INNERBOTTLE CO LTD [KR]";"KR20230156680A";"2021-03-17";"G06Q10/00 
G06Q10/08 
G06Q30/00";"G06Q10/08 (KR) 
G06Q10/30 (KR) 
G06Q30/018 (KR) 
G06Q50/26 (KR) 
Y02W30/10 (KR) 
Y02W30/50 (KR)";"2023-11-14";"2021-05-24";"076153332";
"411";"Disinfection tracing method and system based on RFID and time supervision";"HUANG JIACHANG 
CHEN DUTIAN 
KE YING";"FUJIAN ECAN INFORMATION TECH CO LTD";"CN110490278A 
CN110490278B";"2019-07-25";"G06K17/00 
G16H40/20";"G06K17/00 (CN) 
G16H40/20 (CN)";"2019-11-22 
2022-06-07";"2019-11-22";"068548491";
"412";"Renewable resource classification and recovery box";"SHEN YE";"HUZHOU GAORUI IND AND TRADE CO LTD";"CN108328155A";"2018-03-28";"B65F1/00 
B65F1/14 
B65F7/00";"B65F1/0053 (CN) 
B65F1/14 (CN) 
B65F7/00 (CN) 
B65F2210/108 (CN) 
B65F2210/137 (CN) 
B65F2210/168 (CN) 
Y02W30/10 (EP) 
Y02W30/64 (EP)";"2018-07-27";"2018-07-27";"062931470";
"413";"INFORMATION PROCESSING METHOD, INFORMATION PROCESSING DEVICE, INFORMATION PROCESSING SYSTEM AND PROGRAM";"SATO SHUCHI 
SHINDO CHIKAKO";"SEKISUI CHEMICAL CO LTD";"JP2021166499A 
JP7569159B2";"2020-04-13";"C12M1/04 
C12M1/34 
G06Q10/00 
G06Q50/04 
G06Q10/30";"Y02P90/30 (EP)";"2021-10-21 
2024-10-17";"2021-10-21";"078079167";
"414";"E-commerce storage distribution method";"ZHANG JUN 
LYU BING";"UNIV JIANGNAN";"CN113697356A 
CN113697356B";"2021-07-26";"B65G1/137 
G06Q10/08";"B65G1/1373 (CN)";"2021-11-26 
2022-05-03";"2021-11-26";"078650671";
"415";"Single-shaft shredding machine based on garbage classification and recovery and garbage identification method";"ZHANG LEI 
LI DAJIN 
YANG SHENGGANG 
CHEN JIXIANG 
TANG HONGBIN 
LI GANGYOU";"GUANGZHOU 3E MACHINERY CO LTD";"CN117380374A 
CN117380374B";"2023-10-25";"B02C18/00 
B02C25/00";"B02C18/0092 (CN) 
B02C25/00 (CN) 
B02C2201/06 (CN)";"2024-01-12 
2025-08-26";"2024-01-12";"089471618";
"416";"Packing box seal with display screen";"ZHANG HONGWEI 
ZHAO SHAOHUA 
ZHAO WEI";"XIAN BAOLAITE PHOTOELECTRIC TECH CO LTD";"CN213893635U";"2020-10-30";"B65D55/02";"";"2021-08-06";"2021-08-06";"077115768";
"417";"METHOD FOR PRODUCING CARBON FIBER AGGREGATE, AND METHOD FOR PRODUCING CARBON FIBER-REINFORCED PLASTIC";"HASHIMOTO TAKAFUMI [JP] 
NINOMIYA HIROKI [JP] 
WADAHARA EISUKE [JP] 
YAMASAKI MASAAKI [JP]";"HASHIMOTO TAKAFUMI [JP] 
NINOMIYA HIROKI [JP] 
WADAHARA EISUKE [JP] 
YAMASAKI MASAAKI [JP] 
TORAY INDUSTRIES [JP]";"US2013192434A1";"2010-12-24";"B26D3/00";"B26D3/00 (US) 
B29B11/16 (EP,KR,US) 
B29C39/24 (KR) 
B29C70/10 (KR) 
B29C70/48 (EP,US) 
D04H1/40 (EP,US) 
D04H1/4242 (EP,US) 
D04H1/4274 (EP,US) 
B29K2307/04 (EP,US) 
Y10T83/04 (EP,US)";"2013-08-01";"2012-06-28";"046313950";
"418";"SANITARY BAG FOR MEDICAL USE";"ALFONSO INÈS [FR]";"CLEANIS [FR]";"US2025195255A1";"2023-12-15";"A61F5/44";"A61F5/44 (EP,US)";"2025-06-19";"2025-06-19";"096021889";
"419";"SYSTÈME DE CONTRÔLE ENVIRONNEMENTAL";"CHIAPPETTA FRANK [GB] 
MARSH SAMUEL [GB]";"TRACKERSACK TECH LIMITED [GB]";"WO2022258126A1";"2021-06-09";"G06Q10/00 
G06Q50/26";"G06Q10/30 (EP) 
G06Q50/26 (EP)";"2022-12-15";"2022-12-15";"076829489";
"420";"Reusable shared intelligent environment-friendly express packaging box and sharing method thereof";"ZHANG ZONGJUN 
YANG BO";"YANG BO 
ZHANG ZONGJUN";"CN108773554A";"2018-05-25";"B65D25/20 
B65D25/34 
B65D6/10 
G06K17/00";"B65D11/16 (CN) 
B65D25/20 (CN) 
B65D25/34 (CN) 
G06K17/0022 (CN) 
Y02W30/80 (EP)";"2018-11-09";"2018-11-09";"064027615";
"421";"POLYMERS, ARTICLES, AND CHEMICALS MADE FROM HIGH CONCENTRATED RECYCLE DERIVED SYNGAS";"TRAPP WILLIAM LEWIS 
MURPHY JUSTIN WILLIAM 
WEST NATHAN MITCHELL";"EASTMAN CHEM CO";"CN113646370A 
CN113646370B";"2019-03-29";"B29B17/02 
B32B17/04 
C01B3/36 
C08B16/00 
C08J11/10 
C08L1/10 
C10J3/72";"C01B3/36 (EP,US) 
C07C29/1518 (US) 
C07C51/09 (US) 
C07C51/12 (US) 
C07C67/08 (US) 
C08B16/00 (EP) 
C08B3/06 (EP,US) 
C08B3/08 (EP) 
C08B3/16 (EP) 
C08J11/10 (EP) 
C08L1/10 (EP) 
C08L1/12 (EP,US) 
C08L1/14 (EP,US) 
C10J3/466 (EP,US) 
C10J3/723 (EP) 
C10J3/78 (EP,US) 
D01F2/28 (US) 
C01B2203/025 (US) 
C01B2203/061 (US) 
C08L2201/06 (US) 
C08L2203/12 (US) 
C08L2207/20 (US) 
C10J2300/0906 (EP) 
C10J2300/093 (US) 
C10J2300/0946 (EP,US) 
C10J2300/1656 (EP,US) 
C10J2300/1665 (EP,US) 
Y02P20/582 (EP) 
Y02T50/678 (EP) 
Y02W30/62 (EP)";"2021-11-12 
2024-11-01";"2020-10-08";"072666506";
"422";"Medical waste classified recovery management method and system";"WANG LI";"SHENZHEN ENERGY ENV CO LTD 
SHENZHEN SHENNENG ENVIRONMENTAL PROT EAST CO LTD 
SHENZHEN SHENNENG ENV URBAN ENV SERVICE CO LTD 
GUILIN SHENNENG ENVIRONMENTAL PROT CO LTD 
SHANXIAN SHENNENG ENVIRONMENTAL PROT CO LTD 
WUHAN SHENNENG ENVIRONMENTAL PROT XINGOU GARBAGE POWER CO LTD";"CN113657629A 
CN113657629B";"2021-09-27";"G06Q10/00 
G16H40/20 
G06Q10/30";"G06Q10/30 (CN) 
G16H40/20 (CN) 
Y02W90/00 (EP)";"2021-11-16 
2023-08-22";"2021-11-16";"078492052";
"423";"一种有色金属回收料及其复合材料的摩擦挤压装置及方法";"";"";"CN121988631A";"2026-01-14";"B21C23/08 
B21C23/21 
B21C29/00 
B21C31/00 
B22F3/00 
B22F3/20";"";"2026-05-08";"2026-05-08";"099638332";
"424";"Cigarette anti-counterfeiting package based on detection line NFC (Near Field Communication) label";"JI YOUWEI";"XINDIAN ZHILIAN BEIJING TECH CO LTD";"CN217049392U";"2021-06-02";"B65D5/42 
B65D5/54 
B65D85/10 
B65D85/12 
G06K19/077";"";"2022-07-26";"2022-07-26";"082465193";
"425";"Intelligent PE pipe manufacturing whole process digital management system and method";"ZHAO YONGJIE 
ZHANG ZHILIANG 
LI XIAOHUA 
HAN XIAOPING";"SHANXI TIANQIN PLASTIC PIPE CO LTD";"CN120387741A 
CN120387741B";"2025-06-30";"G06N3/006 
G06N3/0442 
G06Q10/0639 
G06Q10/067 
G06Q50/04";"G06N3/006 (CN) 
G06N3/0442 (CN) 
G06Q10/06395 (CN) 
G06Q10/067 (CN) 
G06Q50/04 (CN)";"2025-07-29 
2025-09-19";"2025-07-29";"096487821";
"426";"Under-forest plant functional group construction method for low-quality and low-efficiency artificial forest";"WANG YUNQI 
CUI XINRUI 
WEI WENJUAN 
LI YIPU 
ZHENG PEILONG 
ZHOU LIJUN 
ZHANG ZIYOU 
ZHENG YIFAN";"UNIV BEIJING FORESTRY";"CN121189858A";"2025-09-04";"G06F16/22 
G06F16/27 
G06F16/28 
G06F18/22 
G06F18/23 
G06F21/64 
G06Q10/0637 
G06Q50/26";"G06F16/2255 (CN) 
G06F16/27 (CN) 
G06F16/285 (CN) 
G06F18/22 (CN) 
G06F18/23 (CN) 
G06F21/64 (CN) 
G06Q10/0637 (CN) 
G06Q50/26 (CN) 
Y02A90/40 (EP)";"2025-12-23";"2025-12-23";"098090024";
"427";"logistics packaging box circulation system and method";"LIU XIANGYI";"LIU XIANGYI";"CN109919283A 
CN109919283B";"2019-03-07";"B65D25/02 
B65D25/20 
G06F1/24 
G06K17/00 
G06K19/07 
G06K19/077 
G06Q10/08";"";"2019-06-21 
2021-12-21";"2019-06-21";"066963723";
"428";"Digital packaging box and recovery method thereof";"XU XUELAN";"XU XUELAN";"CN114852499A";"2022-04-19";"B65D25/20 
B65D55/14 
G01D21/02";"B65D25/20 (CN) 
B65D55/14 (CN) 
G01D21/02 (CN) 
B65D2201/00 (CN) 
B65D2203/00 (CN) 
Y02W30/10 (EP)";"2022-08-05";"2022-08-05";"082631693";
"429";"TRACKING AND RECORDING TRANSACTIONS OF DIGITAL ASSETS WITH PHYSICAL ASSOCIATION";"VAZIRIZADEH ALI [CA]";"VAZIRIZADEH ALI [CA] 
AISIMPRO INC [CA]";"US2025348829A1";"2023-10-11";"G06Q10/08 
H04L9/00";"G06Q10/08 (EP,US) 
G06Q10/0833 (EP) 
H04L9/50 (EP,US) 
H04L2209/56 (EP,US)";"2025-11-13";"2025-10-30";"097567626";
"430";"Gasification of plastic and solid fossil fuels";"TRAPP WILLIAM LEWIS 
MURPHY JUSTIN WILLIAM 
WAST NATHAN MITCHELL";"EASTMAN CHEM CO";"CN120118698A";"2019-02-04";"C10J3/00 
C10J3/46 
C10J3/48 
C10J3/50 
C10J3/72 
C10K1/10";"C10J3/002 (CN,US) 
C10J3/466 (CN,US) 
C10J3/485 (EP,CN,US) 
C10J3/506 (EP,CN,US) 
C10J3/723 (EP,CN) 
C10K1/101 (EP,CN) 
C10J2300/0906 (EP,CN,US) 
C10J2300/092 (CN,US) 
C10J2300/0923 (CN,US) 
C10J2300/093 (EP,CN,US) 
C10J2300/0943 (CN,US) 
C10J2300/0946 (EP,CN,US) 
C10J2300/0953 (CN,US) 
C10J2300/0959 (CN,US) 
C10J2300/0973 (CN,US) 
C10J2300/0976 (CN) 
C10J2300/164 (US) 
C10J2300/1665 (US) 
C10J2300/169 (EP) 
C10J2300/1846 (CN,US) 
Y02P20/143 (US)";"2025-06-10";"2020-08-06";"071837363";
"431";"METHODS AND SYSTEMS FOR POST-CONSUMER MATERIALS COLLECTION SERVICES AND OFFSET ALLOCATIONS";"GALLAGHER DANIAL PATRICK 
EWART GORDON ALAN 
BIGGS JEREMY";"CURBCYCLE PTY LTD [AU]";"AU2021386467A1 
AU2021386467A9";"2020-11-27";"B65F3/00 
G06Q10/00 
G06Q10/08 
G06K19/08 
G06K7/10 
H04W4/02";"G06K19/08 (AU) 
G06Q10/08 (EP,AU) 
G06Q10/30 (EP,AU) 
G06Q30/0202 (EP) 
G06Q50/04 (EP) 
G06Q50/26 (EP) 
H04W4/02 (EP,AU) 
G06K17/0029 (AU) 
G06K7/1097 (AU) 
H04W4/80 (EP) 
Y02W90/00 (EP)";"2023-06-22 
2025-03-20";"2022-06-02";"081753656";
"432";"DISTRIBUTEUR DE MÉDICAMENTS SOUS EMBALLAGES COQUES COMMANDÉ PAR UNE APPLICATION DE PHARMACIE AU POINT D'INTERVENTION";"VALENTINE EDMUND L [US]";"ACCOY PHARMACEUTICALS INC [US]";"WO2020172484A1";"2019-02-21";"A61J1/03 
B65D75/36 
B65D83/04";"A61J1/035 (EP) 
A61J1/18 (EP) 
A61J7/0084 (EP) 
B65D75/326 (EP) 
B65D75/366 (EP) 
B65D75/5805 (EP) 
B65D75/66 (EP) 
G16H20/13 (EP) 
G16H40/20 (EP) 
G16H40/67 (EP) 
G16H70/40 (EP) 
A61J2200/30 (EP) 
A61J2200/70 (EP) 
A61J2200/72 (EP) 
A61J7/0445 (EP) 
Y02W30/80 (EP)";"2020-08-27";"2020-08-27";"072144752";
"433";"PLASTICS PROCESSING AND PLASTICS RECOVERY FACILITY";"CHEVRETTE GUILLAUME [CA] 
NAGARAJAN GANESH [US]";"WM INTELLECTUAL PROPERTY HOLDINGS L L C [US]";"US20260048529A1";"2024-08-15";"B29B17/00 
B29B17/02";"B03B9/06 (EP) 
B29B17/02 (EP,US) 
B29B2017/0089 (US) 
B29B2017/0203 (EP) 
B29B2017/0224 (EP) 
B29B2017/0279 (EP) 
B29K2023/06 (EP) 
B29K2023/12 (EP) 
B29K2025/06 (EP) 
B29K2067/003 (EP) 
Y02W30/62 (EP)";"2026-02-19";"2026-02-19";"097269004";
"434";"Large-angle virtual license plate data set construction method";"JIANG CAIGUI 
HUANG QUANXIN 
ZHANG HAO 
JIANG JUNWEI 
ZHENG NANNING";"UNIV XI AN JIAOTONG";"CN121236775A";"2025-10-13";"G06F9/48 
G06T1/20 
G06T15/00 
G06T15/04 
G06T15/50 
G06T17/00 
G06V20/17 
G06V20/62 
G06V30/19";"";"2025-12-30";"2025-12-30";"098152506";
"435";"Tire inflation compressor has safety mechanism for limiting to safety parameter and may be constructed as overpressure relief valve or temperature sensor";"STEHLE MICHAEL [DE] 
ELLINGER HEINER [DE]";"TERRA S GMBH & CO KG [DE]";"DE102004018726A1";"2004-04-17";"B60C23/00 
B60C23/00 
F04B35/04 
F04B49/02 
F04B49/03 
F04B49/10";"F04B35/04 (EP) 
F04B49/022 (EP) 
F04B49/03 (EP) 
F04B49/10 (EP) 
F04B2203/0205 (EP) 
F04B2205/05 (EP)";"2005-11-03";"2005-11-03";"035070557";
"436";"MATERIALS MANAGEMENT BAG AND SYSTEM AND METHOD FOR TRACKING";"BROWN KRISTEN [US] 
DANCY MARK [US] 
LISAUSKAS STEVE [US]";"BROWN KRISTEN [US] 
DANCY MARK [US] 
LISAUSKAS STEVE [US] 
WASTEZERO INC [US]";"US11834261B2 
US2022356012A1";"2021-05-07";"B31B70/88 
B65F1/14 
B65H29/00 
B31B160/10";"B31B70/88 (EP,US) 
B31B70/942 (EP) 
B65F1/0006 (EP) 
B65F1/1484 (EP,US) 
B65H29/006 (US) 
B31B2160/10 (US) 
B31B70/16 (EP) 
B31B70/262 (EP) 
B65F2210/112 (US) 
B65F2210/138 (US) 
B65F2250/114 (US) 
B65H2301/4193 (US) 
B65H2701/191 (US)";"2022-11-10 
2023-12-05";"2022-11-10";"083901147";
"437";"Garbage classification monitoring method and system";"XIA CELIAN";"XIA CELIAN";"CN109823731A";"2019-02-10";"B65F1/14";"";"2019-05-31";"2019-05-31";"066863508";
"438";"Method for synergistically preparing recycled aggregate from urban updated garden waste and building waste";"WANG JIAMING 
WANG JUE 
GUO LEI";"ANHUI GREEN ECOLOGICAL ENVIRONMENT TECH CO LTD";"CN120590085A";"2025-07-24";"C04B18/02 
C04B18/16 
C04B18/24 
C04B20/12";"C04B18/021 (CN) 
C04B18/16 (CN) 
C04B18/24 (CN) 
C04B20/12 (CN) 
Y02W30/91 (EP) 
C04B18/021, C04B18/16, C04B18/24, INV (CN)       
C04B20/12, C04B18/021, C04B20/1055, INV (CN)       
C04B20/12, C04B18/021, C04B20/1066, INV (CN)       
C04B20/12, C04B18/021, INV (CN)      ";"2025-09-05";"2025-09-05";"096885950";
"439";"Sealing Device, System, and Methods";"BAR-COHEN BARAK [US] 
SCHWARTZ-DODEK JOSH [US]";"SOJO IND INC [US]";"US12400529B2 
US2025124773A1";"2023-10-17";"G06Q10/0833 
G08B13/12 
H04W12/03 
H04W4/029 
H04W4/80";"B65D55/028 (US) 
G06Q10/0832 (US) 
G06Q10/0833 (US) 
G06Q10/0838 (US) 
G08B13/08 (EP) 
G08B13/126 (EP,US) 
H04W12/03 (US) 
H04W4/029 (US) 
H04W4/80 (US) 
G08B21/0269 (EP)";"2025-04-17 
2025-08-26";"2025-04-17";"093291930";
"440";"Traceable commodity circulation case that midway can reject";"WANG JIAMIN 
ZHANG JIANXI 
BI RAN 
LIN JIAN 
SHAO ZENGZHEN 
LIU ZHENGQIANG";"SHANDONG INST COMMERCE & TECH";"CN204642475U";"2015-03-10";"B65D25/00 
G06Q10/08";"";"2015-09-16";"2015-09-16";"054095245";
"441";"Plastic tank for the storage and transport of bulk material";"DOURALIS CHRISTOFYLLIS [GR]";"DOURALIS CHRISTOFYLLIS [GR]";"US2019135488A1";"2017-11-04";"B65D21/02 
B65D88/02 
B65D88/12";"B65D19/04 (EP,US) 
B65D19/18 (EP,US) 
B65D21/0215 (US) 
B65D21/0217 (US) 
B65D21/0233 (US) 
B65D43/0202 (EP,US) 
B65D45/02 (EP,US) 
B65D51/1644 (EP,US) 
B65D88/022 (US) 
B65D88/126 (US) 
B65D25/40 (US) 
B65D2519/00034 (EP,US) 
B65D2519/00069 (EP,US) 
B65D2519/00139 (EP,US) 
B65D2519/00174 (EP,US) 
B65D2519/00208 (EP,US) 
B65D2519/00268 (EP,US) 
B65D2519/00273 (EP,US) 
B65D2519/00288 (EP,US) 
B65D2519/00323 (EP,US) 
B65D2519/00333 (EP,US) 
B65D2519/00338 (EP,US) 
B65D2519/00407 (EP,US) 
B65D2519/00422 (EP,US) 
B65D2519/00427 (EP,US) 
B65D2519/00432 (EP,US) 
B65D2519/00497 (EP,US) 
B65D2519/00567 (EP,US) 
B65D2519/00621 (EP,US) 
B65D2519/00666 (EP,US) 
B65D2519/00711 (EP,US) 
B65D2519/008 (EP,US) 
B65D2519/0094 (EP,US) 
B65D2519/00965 (EP,US) 
B65D2519/0099 (EP,US) 
B65D2543/00027 (EP,US) 
B65D2543/00194 (EP,US) 
B65D2543/00296 (EP,US) 
B65D2543/00398 (EP,US) 
B65D2543/0049 (EP,US) 
B65D2543/00564 (EP,US) 
B65D2543/00972 (EP,US) 
B65D90/0026 (US) 
B65D90/143 (US)";"2019-05-09";"2019-05-09";"066327867";
"442";"Ecological cycle pig breeding method";"DING ZHIQIANG 
WEI TAO 
GAO JIE 
LIANG HONGJIE 
DUAN XIUJUN";"DING ZHIQIANG 
WEI TAO 
GAO JIE 
LIANG HONGJIE 
DUAN XIUJUN";"CN103719014A 
CN103719014B";"2013-12-11";"A01K67/02 
A01K67/033 
A23K1/00 
A23K1/10 
A23K1/14 
A23K1/18 
A23K10/38 
C12G3/02";"Y02P60/87 (EP)";"2014-04-16 
2015-07-22";"2014-04-16";"050443510";
"443";"MOULE EQUIPE D'UN MOYEN DE MARQUAGE DES PIECES";"ZAHARIA DRAGOS";"ANSERVILLE TECH [FR]";"FR2806027A1";"2000-03-08";"B29C33/42 
B29C45/37 
B29C45/37";"B29C45/374 (EP)";"2001-09-14";"2001-09-14";"008847868";
"444";"Recovery of component glycol esters";"SLEVINSKY DAVID EUGENE 
BETTING DARRYL 
PARKER KENNY RANDOLPH 
POLACEK MICHAEL GARY 
TRAPP WILLIAM LEWIS 
WU XIANCHUN";"EASTMAN CHEM CO";"CN114728881A 
CN114728881B";"2019-11-07";"C07C67/60 
C10G1/10 
C10G9/00";"C07C29/38 (EP,CN) 
C07C45/50 (EP) 
C07C45/505 (CN) 
C07C67/44 (EP,CN,US) 
C10G1/02 (EP) 
C10G1/08 (CN) 
C10G1/10 (EP) 
C10G11/05 (CN) 
C10G3/40 (EP) 
Y02P20/582 (EP) 
Y02P30/20 (EP) 
C07C29/38, C07C31/20, INV (EP,CN)       
C07C45/50, C07C47/02, INV (EP)       
C07C45/505, C07C47/02, INV (CN)       
C07C67/44, C07C69/24, INV (EP)       
C07C67/44, C07C69/28, INV (EP,CN)      ";"2022-07-08 
2024-09-03";"2021-05-14";"075849218";
"445";"Intelligent movement formula waste classification service center";"WANG CHUANHUA 
MA JINNING 
JIANG LIN 
HAO JIANFENG";"HEFEI JINGLV SANITARY EQUIP CO LTD";"CN207020722U";"2017-07-24";"G06Q50/26";"";"2018-02-16";"2018-02-16";"061480801";
"446";"Recovery of component alkanolamines";"SLEVINSKY DAVID EUGENE 
BETTING DARRYL 
PARKER KENNY RANDOLPH 
POLACEK MICHAEL GARY 
TRAPP WILLIAM LEWIS 
WU XIANCHUN";"ESCHERMANN CHEMICAL COMPANY";"CN114667278A";"2019-11-07";"C07C213/02 
C07C213/08 
C10G1/10 
C10G9/00";"C07C213/02 (US) 
C07C213/04 (EP) 
C10G1/02 (EP) 
C10G1/10 (EP) 
C10G3/40 (EP) 
Y02P20/582 (EP) 
Y02P30/20 (EP) 
C07C213/04, C07C215/08, INV (EP)      ";"2022-06-24";"2021-05-14";"075848173";
"447";"Bottle cap lock with display screen";"ZHANG HONGWEI 
ZHAO SHAOHUA 
ZHAO WEI 
WU CHAO";"XIAN BAOLAITE PHOTOELECTRIC TECH CO LTD";"CN214987309U";"2021-04-30";"B65D49/12 
B65D51/24 
B65D55/02";"";"2021-12-03";"2021-12-03";"079089647";
"448";"Method and device for managing and controlling harmful substances of product, equipment and readable medium";"XU ZHENHUA";"SUZHOU INSPUR INTELLIGENT TECH CO LTD";"CN113626518A 
CN113626518B";"2021-06-29";"G06Q10/08 
G06F16/22 
G06F16/27 
G06Q10/0631 
G06Q10/0639 
G06Q10/0875 
G06Q50/04 
G06Q50/26";"G06F16/2255 (CN) 
G06F16/27 (CN) 
G06Q10/0875 (CN) 
Y02P90/30 (EP)";"2021-11-09 
2023-08-25";"2021-11-09";"078378602";
"449";"The Reward Computation System based on Recyclables Disposal of Individuals";"PARK TAEHYUNG [CA]";"AETECH [KR]";"KR20230064680A";"2021-11-03";"B65F1/14 
G01S19/14 
G06F16/901 
G06K19/06 
G06Q30/02 
G06Q50/26 
H04M1/2755 
H04N7/18 
H04W4/60";"B65F1/14 (KR) 
G01S19/14 (KR) 
G06F16/901 (KR) 
G06K19/06037 (KR) 
G06Q10/30 (KR) 
G06Q30/0217 (KR) 
G06Q50/26 (KR) 
G06T7/0004 (KR) 
G06T7/60 (KR) 
G06T7/90 (KR) 
H04M1/2755 (KR) 
H04N7/18 (KR) 
H04W4/60 (KR) 
B65F2210/128 (KR)";"2023-05-11";"2023-05-11";"086379334";
"450";"Wine box anti-fake pull buckle capable of being destroyed immediately after being pulled open";"ZHANG HONGWEI 
ZHAO SHAOHUA 
ZHAO WEI 
WU CHAO";"XIAN BAOLAITE PHOTOELECTRIC TECH CO LTD";"CN215045240U";"2021-04-30";"B65D49/12 
B65D51/24 
B65D55/02 
B65D85/72";"";"2021-12-07";"2021-12-07";"079108122";
"451";"PROCÉDÉ D'ANTI-CONTREFAÇON/DE TRAÇAGE DE CONDUITE DÉSIGNÉE POUR UN PRODUIT ALCOOLIQUE";"CHEN MINGFA [CN]";"HAINAN PAIPAIKAN INFORMATION TECH CO LTD [CN]";"WO2022237085A1";"2021-05-08";"B65D23/14 
G06F16/955 
G06K19/06 
G06Q30/02";"G06F16/9554 (CN) 
G06K19/06028 (CN) 
G06K19/06037 (CN) 
G06Q30/0185 (CN) 
G06Q30/0207 (CN) 
G06Q30/0253 (CN)";"2022-11-17";"2021-08-31";"077424128";
"452";"Intelligent mobile garbage classification service center";"WANG CHUANHUA 
MA JINNING 
JIANG LIN 
HAO JIANFENG";"HEFEI JINGLV SANITARY EQUIP CO LTD";"CN107330839A";"2017-07-24";"G06Q50/26";"G06Q50/26 (CN)";"2017-11-07";"2017-11-07";"060199907";
"453";"Cellulose esters comprising recovered component butyryl groups";"SLEVINSKY DAVID EUGENE 
BETTING DARRYL 
PARKER KENNY RANDOLPH 
POLACEK MICHAEL GARY 
TRAPP WILLIAM LEWIS 
WU XIANCHUN";"EASTMAN CHEM CO";"CN114729061A 
CN114729061B";"2019-11-07";"C08B3/18 
C08J11/12 
C10G9/00";"B01J6/008 (CN) 
C08B3/08 (CN) 
C08B3/18 (EP,US) 
C08J11/12 (US) 
C10G1/002 (CN) 
C10G1/02 (EP,US) 
C10G1/10 (EP,CN) 
C10G3/40 (EP,US) 
C10G55/04 (CN) 
C08J11/12 (EP) 
C08J2323/00 (EP) 
C10G2300/1003 (CN) 
C10G2400/02 (CN) 
C10G2400/20 (CN) 
Y02P20/582 (EP) 
Y02P30/20 (EP)";"2022-07-08 
2024-11-08";"2021-05-14";"075849489";
"454";"RFID tag capable of preventing chip from being reused";"YANG QI 
YANG PEIXIANG 
ZHOU LIQUAN 
WANG JIAYUAN 
WANG SHATONG 
ZHOU QIAN 
JIANG CAIHUI 
WANG YONGHAI 
XIONG KAI 
DENG YANG 
RAN JUN 
WANG JIAN 
ZHANG SHIJIE 
MA JING 
XU TAO 
ZHANG RUI 
ZHANG BIN 
OU YI";"YIBIN PLASTIC PACKAGING MAT CO LTD SICHUAN 
PUSH INFORMATION & AUTOMATION CHENGDU CO LTD";"CN210776776U";"2019-12-23";"G06K19/077";"";"2020-06-16";"2020-06-16";"071034775";
"455";"Continuous extruder for producing plastic hollow plate";"HAN XIUMING";"BENXI HETENG TECH DEVELOPMENT CO LTD";"CN121552644A";"2026-01-22";"B06B1/06 
B29C48/025 
B29C48/25 
B29C48/285 
B29C48/36 
B29C48/505 
B29C48/625 
B29C48/80 
B29C48/885 
B29C48/90 
B29C48/92 
B29L22/00";"B06B1/06 (CN) 
B29C48/025 (CN) 
B29C48/25 (CN) 
B29C48/288 (CN) 
B29C48/36 (CN) 
B29C48/505 (CN) 
B29C48/625 (CN) 
B29C48/832 (CN) 
B29C48/834 (CN) 
B29C48/885 (CN) 
B29C48/901 (CN) 
B29C48/9115 (CN) 
B29C48/92 (CN) 
B29C2948/92704 (CN) 
B29L2022/00 (CN)";"2026-02-24";"2026-02-24";"098803579";
"456";"Method And Apparatus For Removing Data From A Recycled Electronic Device";"BOWLES MARK VINCENT [US]";"ECOATM INC [US]";"US2014156883A1 
US2015293860A9";"2012-04-04";"G06F13/10";"G06F13/10 (US) 
G06Q30/0607 (EP,US) 
G07F7/06 (EP,US) 
Y02W30/82 (EP)";"2014-06-05 
2015-10-15";"2014-06-05";"050826641";
"457";"Recognition and recovery method and system for coated paper production waste";"YANG JINLUN 
YANG MINGDONG 
TANG XIANGYIN";"GUIZHOU XINFUSHENG PAPER IND CO LTD";"CN121707545A";"2025-12-15";"G06F18/15 
G06F18/2131 
G06F18/241 
G06F18/25 
G06Q10/30";"";"2026-03-20";"2026-03-20";"099080760";
"458";"Integrated forming production method of shading sleep-aiding eyeshade based on PVC (polyvinyl chloride) material";"WU TIANYAO";"WUNENG SHENZHEN TECH CO LTD";"CN121554889A";"2025-11-25";"B29D7/00 
C08K3/04 
C08K3/22 
C08K5/11 
C08K7/26 
C08L23/0853 
C08L27/06";"B29D7/00 (CN) 
C08L27/06 (CN) 
C08K2003/2241 (CN) 
C08L27/06, C08L23/0853, C08K5/11, C08K3/22, C08K3/04, C08K7/26, INV (CN)      ";"2026-02-24";"2026-02-24";"098800512";
"459";"FRAUDULENT DEPOSIT DETECTION SYSTEM (Machine-translation by Google Translate, not legally binding)";"MORENO DE CASTRO  JOSE LUIS [ES] 
TORBADO MARTINEZ ZACARÍAS [ES] 
AGUIRRE MARZO JESÚS 
MENCHACA MRTINEZ DANIEL 
PORQUERAS ALONSO GABRIEL ALBERTO 
PAVON HAASS OSCAR ALBERTO 
MORENO DE CASTRO  JOSE LUIS 
TORBADO MARTINEZ ZACARÍAS";"ECOEMBALAJES ESPANA S A [ES]";"ES1266214U 
ES1266214Y";"2021-01-15";"B65F1/14 
G08B13/18";"";"2021-04-27 
2021-07-28";"2021-04-27";"075639597";
"460";"Mobile air pollution traceability equipment";"YAO YUKUN 
YANG ZHENYA 
CHEN FENG 
QIAO YUEZHEN 
SHEN QI 
DAI YAYA 
SUN JINJIN 
LI GUOPING";"JIANGSU PROVINCIAL ENVIRONMENTAL ENGINEERING TECH CO LTD";"CN116176742A 
CN116176742B";"2023-03-02";"B62J11/00 
B62K5/027 
B62K7/04 
G01N1/24 
G01N33/00";"B62J11/00 (CN) 
B62K5/027 (CN) 
B62K7/04 (CN) 
G01N1/24 (CN) 
G01N33/0004 (CN) 
Y02A50/20 (EP)";"2023-05-30 
2024-09-20";"2023-05-30";"086448430";
"461";"Accessory bag for electrocardiograph monitoring";"WANG LINYUE";"YUNYANG PEOPLES HOSPITAL";"CN217566089U";"2022-05-16";"A61B5/28 
A61B5/321 
A61B5/332 
A61B50/31 
A61B50/39";"";"2022-10-14";"2022-10-14";"083551525";
"462";"RFID tag and method capable of preventing chip from being reused";"YANG QI 
YANG PEIXIANG 
ZHOU LIQUAN 
WANG JIAYUAN 
WANG SHATONG 
ZHOU QIAN 
JIANG CAIHUI 
WANG YONGHAI 
XIONG KAI 
DENG YANG 
RAN JUN 
WANG JIAN 
ZHANG SHIJIE 
MA JING 
XU TAO 
ZHANG RUI 
ZHANG BIN 
OU YI";"YIBIN PLASTIC PACKAGING MAT CO LTD SICHUAN 
PUSH INFORMATION & AUTOMATION (CHENGDU) CO LTD";"CN111178480A 
CN111178480B";"2019-12-23";"G06K19/077";"G06K19/0772 (CN) 
G06K19/07773 (CN) 
G06K19/07798 (CN)";"2020-05-19 
2025-01-24";"2020-05-19";"070655588";
"463";"SYSTÈME POUR LE REVÊTEMENT PAR POUDRE DE PROFILÉS ALLONGÉS";"TREVISAN SILVIO MARIA [IT]";"CUBE TREVISAN S R L [IT] 
SAT (SURFACE ALUMINIUM TECHNOLOGIES) S P A [IT]";"EP2978539A1 
EP2978539B1";"2013-03-29";"B05B13/02 
B05B14/44 
B05B15/12 
B05B16/00 
B05D7/00";"B05B13/0214 (EP) 
B05B14/44 (EP) 
B05B16/90 (EP) 
Y02P70/10 (EP)";"2016-02-03 
2017-05-31";"2014-09-30";"048485296";
"464";"SYSTÈME DE GESTION AUTOMATISÉE DE DÉCHETS";"NISSEN OLE MARTIN [DK] 
PEDERSEN HANS CHRISTIAN [DK]";"MAACKS APS [DK]";"WO2022189255A1";"2021-03-08";"B65F1/00 
G01F23/284 
G06Q10/00 
G06Q10/08";"G01F23/284 (EP) 
G06Q10/08 (EP) 
G06Q10/30 (EP) 
B65F2210/128 (EP) 
B65F2210/1443 (EP)";"2022-09-15";"2022-09-15";"080738758";
"465";"Highway engineering reconstruction and extension multi-source solid waste classification and coding method";"FANG MINGJING 
HAN JUNTAO 
XIA QIYONG 
DONG YONGGANG 
JIA JUNHONG 
ZHANG HUA 
NIE LIANGTAO 
JIANG HUI 
SONG CUIYING 
TIAN WEIHAI 
ZONG WEI 
CHENG MENG";"UNIV WUHAN TECH";"CN121289115A 
CN121289115B";"2025-09-30";"B07C5/34";"";"2026-01-09 
2026-05-12";"2026-01-09";"098282360";
"466";"A gene cassette and uses therefor";"ALEXANDER JOSEPH SPEAKMAN [GB] 
JESS TALLIS [GB]";"E V A BIOSYSTEMS LTD [GB]";"GB2642222A";"2024-06-26";"C12N11/04 
C12N11/08 
C12N11/096 
C12N15/63 
C12N15/70 
C12N15/75";"C12N11/04 (GB) 
C12N11/08 (GB) 
C12N11/096 (GB) 
C12N15/63 (EP,GB) 
C12N15/70 (GB) 
C12N15/75 (EP,GB) 
C12N2800/30 (EP) 
C12R2001/125 (GB) 
C12R2001/19 (GB)";"2026-01-07";"2026-01-02";"092108027";
"467";"农产品质量追溯系统";"";"";"CN122022845A";"2026-02-03";"G06Q30/018 
G06Q50/02";"Y02P90/30 (EP)";"2026-05-12";"2026-05-12";"099692027";
"468";"Power equipment intelligent green recovery method and system based on material attribute characteristics";"LIU ZHEN 
ZHANG ZIJIAN 
HUANG JIE 
DONG ZHIJIAN 
HAN JUNJIE 
WANG XINRAN 
WANG ZHEN 
WANG CHUICHAO";"HUANENG ENERGY TRAFFIC IND HOLDING CO LTD";"CN121836693A";"2025-11-27";"G06F18/15 
G06F18/213 
G06F18/22 
G06F18/241 
G06F18/25 
G06N3/0464 
G06Q10/04 
G06Q10/30 
G06Q50/06";"G06F18/15 (CN) 
G06F18/213 (CN) 
G06F18/22 (CN) 
G06F18/241 (CN) 
G06F18/253 (CN) 
G06N3/0464 (CN) 
G06Q10/04 (CN) 
G06Q10/30 (CN) 
G06Q50/06 (CN) 
Y02W90/00 (EP)";"2026-04-10";"2026-04-10";"099338679";
"469";"PLATEFORME DE FUSION SPECTRALE POUR IDENTIFIER L'ÉTHYLÈNE ALCOOL VINYLIQUE (EVOH) ET FACILITER LE TRI DE CHARGES D'ALIMENTATION";"LEUNG JUN WEI JANICE [US] 
ROSENFELD DANIEL [US]";"X DEV LLC [US]";"WO2026043623A1";"2024-08-22";"B07C5/342 
B29B17/02 
G01N21/31 
G01N21/84";"B07C5/342 (EP) 
B29B17/02 (EP) 
G01N21/31 (EP) 
B29B2017/0203 (EP) 
B29B2017/0279 (EP) 
G01N2021/845 (EP)";"2026-02-26";"2026-02-26";"097101918";
"470";"離装着の簡便な段ボール用ＩＣタグ";"";"";"JP3241545U";"2022-10-21";"B65D5/44 
G06K19/077";"";"2023-04-12";"2023-04-12";"085801549";
"471";"Secondary Market And Vending System For Devices";"BOWLES MARK VINCENT [US]";"ECOATM INC [US]";"US2013226679A1 
US9904911B2";"2008-10-02";"G06Q10/00 
G06Q30/02 
G07F7/06 
H04M1/02";"G06Q10/30 (EP,US) 
G06Q30/0237 (EP,US) 
G06Q30/0278 (EP,US) 
G07F7/06 (EP,US) 
H04M1/0287 (EP,US) 
Y02W30/82 (EP,US) 
Y02W90/00 (EP,US)";"2013-08-29 
2018-02-27";"2010-07-01";"042286074";
"472";"Accurate tracking anti-counterfeit packaging method for designated driving drainage of wine products";"CHEN MINGFA";"PAIPAIKAN HAINAN ARTIFICIAL INTELLIGENCE CO LTD";"CN113313502A";"2021-05-08";"G06K7/14 
G06Q30/00 
G06Q30/02";"G06K7/1417 (CN) 
G06Q30/0185 (CN) 
G06Q30/0207 (CN) 
G06Q30/0214 (CN)";"2021-08-27";"2021-08-27";"077378751";
"473";"Label for home article management";"ZHANG JING";"ZHANG JING";"CN203941535U";"2014-07-11";"G06K19/06";"";"2014-11-12";"2014-11-12";"051860834";
"474";"用于高层建筑物混凝土顶层体的施工在线监测装置和方法";"";"";"CN122015942A";"2025-11-20";"G01D11/00 
G01D11/24 
G01D11/30 
G01D15/00 
G01D21/02";"";"2026-05-12";"2026-05-12";"099680291";
"475";"一种基于机器视觉与超声波联合检测的注塑件飞边自动修正系统";"";"";"CN122143293A";"2026-05-11";"B07C5/34 
B07C5/36 
B29C37/02 
B29C45/76";"";"2026-06-05";"2026-06-05";"099980998";
"476";"Automatic medicine dispensing equipment";"DAI JIANWEI 
REN QINGHUA 
ZHAO LING 
GONG WEIYONG 
ZHANG JUNHUA 
DAI QIUJIE";"SHANGHAI SHANTONG IND CO LTD";"CN112716794A 
CN112716794B";"2020-12-31";"A61J1/20";"A61J1/2006 (CN) 
A61J1/2089 (CN) 
A61J1/2096 (CN)";"2021-04-30 
2024-01-30";"2021-04-30";"075608062";
"477";"ARTICLE TEXTILE, PROCÉDÉ ET SYSTÈME PERMETTANT DE GÉRER DES INFORMATIONS TEXTILES";"BAEKELANDT CARL [BE] 
TUYTENS MANU [BE] 
INGHELBRECHT KURT [BE]";"CONCORDIA TEXTILES NV [BE]";"EP4172403A1 
EP4172403B1 
EP4172403C0";"2020-06-29";"D01G11/04 
D06H1/04 
D06H7/22 
G08B13/24";"D01G11/00 (EP) 
D06H1/046 (EP) 
G08B13/2445 (EP) 
A41D1/002 (EP) 
D07B1/148 (EP) 
Y02W30/66 (EP)";"2023-05-03 
2025-08-06";"2021-09-10";"071465032";
"478";"Modularly-designed split mounting type packaging box";"ZHOU XIAOGUANG 
YANG MENGKE 
XU MENGYUAN 
TIAN BAOSHUN 
YE HUALI 
SHU HONGXIANG";"UNIV BEIJING POSTS & TELECOMM";"CN113942720A";"2021-11-29";"B65D25/00 
B65D6/00 
B65D6/16 
B65D81/02";"B65D11/18 (CN) 
B65D11/20 (CN) 
B65D25/00 (CN) 
B65D7/24 (CN) 
B65D7/42 (CN) 
B65D81/02 (CN) 
Y02W30/80 (EP)";"2022-01-18";"2022-01-18";"079339055";
"479";"SYSTÈME ET PROCÉDÉ POUR JUSTIFICATIFS D'IDENTITÉ NUMÉRIQUES POUR RECYCLAGE DE VÉHICULE";"ARYENE DAPLAAH-TENG [DE] 
BARTHEL MAXIMILIAN [DE] 
HECHAVARRIA FONSECA MARIA TERESA [DE] 
SCHEUBLE MARTIN ROBERT [DE]";"BASF SE [DE]";"WO2026027434A1";"2024-07-30";"G06Q50/04";"G06Q50/04 (EP)";"2026-02-05";"2026-02-05";"092142034";
"480";"PROCÉDÉ POUR FOURNIR À UN ENSEMBLE UNE QUANTITÉ DE MATÉRIAU PLASTIQUE UTILISÉ";"LUTGENDORF PIETER HENDRIK [NL]";"WAVIN BV [NL]";"EP2726863A1 
EP2726863B1";"2011-06-29";"B29B17/00 
G01N33/44";"B29B17/00 (EP,US) 
G01N33/442 (EP,US) 
B29B2017/0089 (EP,US) 
B29K2105/0094 (EP,US) 
B29K2105/065 (EP,US) 
Y02W30/62 (EP,US)";"2014-05-07 
2016-08-31";"2013-01-03";"046639992";
"481";"SYSTEME ET PROCEDE DE REUTILISATION ET DE RECYCLAGE DE CONTENANTS REUTILISABLES";"TRAN-NGOC TRUC [CA] 
TRAN KIM-CHI [CA] 
TRAN KIM-LAN [CA]";"TRAN NGOC TRUC [CA] 
TRAN KIM CHI [CA] 
TRAN KIM LAN [CA]";"CA3209754A1";"2021-10-25";"G06Q50/26 
G07F7/06";"G06Q10/30 (EP) 
G06Q30/06 (EP) 
G06Q50/26 (EP) 
G07F7/06 (EP) 
G06K19/06037 (EP) 
Y02W90/00 (EP)";"2023-05-04";"2023-04-25";"086100949";
"482";"Logistics control system based on blockchain technology";"ZHENG YINGFAN";"ZHENG YINGFAN";"CN112990808A";"2021-01-20";"G06F16/903 
G06Q10/08";"G06F16/903 (CN) 
G06Q10/0833 (CN)";"2021-06-18";"2021-06-18";"076345376";
"483";"Medical consumable sales management method and device, computer equipment and storage medium";"ZHANG GUIDING";"YIXIU TECH SERVICE BEIJING CO LTD";"CN112530556A";"2019-09-18";"G06Q10/08 
G06Q30/06 
G16H40/20";"G06Q10/0875 (CN) 
G06Q30/0605 (CN) 
G06Q30/0635 (CN) 
G16H40/20 (CN)";"2021-03-19";"2021-03-19";"074975134";
"484";"Medical waste collecting device";"ZHOU XIULING 
SUN LIJIE 
FANG HAILI 
HU ANQI 
GUO SHIQI 
XUE JINGYA 
CHENG NA";"AFFILIATED HOSPITAL OF CHANGCHUN UNIV OF TRADITIONAL CHINESE MEDICINE JILIN HOSPITAL OF TRADITIONAL";"CN115743972A";"2022-11-18";"B41J3/407 
B65F1/00 
B65F1/14";"Y02W30/10 (EP)";"2023-03-07";"2023-03-07";"085373275";
"485";"INDEX VALUE CALCULATION SYSTEM, INDEX VALUE CALCULATION METHOD, AND PROGRAM";"KURODA KIYONORI 
SUZUKI TOMOHIRO";"MITSUBISHI CHEM CORP";"JP2024023014A";"2022-08-08";"G06Q10/30";"Y02W30/62 (EP)";"2024-02-21";"2024-02-21";"089930584";
"486";"SYNTHETIC MYCOTOXIN ADSORBENTS AND METHODS OF MAKING AND UTILIZING THE SAME";"YIANNIKOURIS ALEXANDROS [US] 
KWIATKOWSKI STEFAN [US] 
KUDUPOJE MANOJ BOJAPPA [US] 
MATNEY CLAYTON [US]";"YIANNIKOURIS ALEXANDROS [US] 
KWIATKOWSKI STEFAN [US] 
KUDUPOJE MANOJ BOJAPPA [US] 
MATNEY CLAYTON [US] 
ALLTECH INC [US]";"US2012214897A1 
US8426541B2";"2009-08-27";"C07D311/76 
C08F2/48 
C08F226/06 
A23L5/20 
C07D209/38 
C08F20/18";"A23L5/273 (EP,US) 
A61P31/10 (EP) 
B01J20/26 (EP,KR,US) 
B01J20/268 (EP,US) 
B01J20/281 (KR) 
C07C217/84 (EP,US) 
C07C231/02 (EP,US) 
C07C235/60 (EP,US) 
C07D209/38 (EP,US) 
C08F222/102 (EP,US) 
C12H1/0424 (EP,US) 
G01N33/569 (KR) 
B01D15/3852 (EP,US) 
C08F220/20 (EP) 
C08F226/06 (EP,US) 
Y10T436/255 (EP,US)";"2012-08-23 
2013-04-23";"2011-03-03";"043625814";
"487";"Terminal waste lead storage battery stock situation awareness system and method";"ZHOU CHONGBO 
LI ZHUO";"ZHEJIANG QIANYUANBAIHUI INTERNET TECH CO LTD";"CN120833314A";"2025-07-08";"G06N3/0464 
G06N3/08 
G06Q10/20 
G06T7/00 
G06T7/11 
G06T7/136 
G06T7/62 
G06V10/25 
G06V10/26 
G06V10/80 
G06V10/82";"G06N3/0464 (CN) 
G06N3/08 (CN) 
G06Q10/20 (CN) 
G06T7/0004 (CN) 
G06T7/11 (CN) 
G06T7/136 (CN) 
G06T7/62 (CN) 
G06V10/25 (CN) 
G06V10/26 (CN) 
G06V10/806 (CN) 
G06V10/82 (CN) 
G06T2207/20081 (CN) 
G06T2207/20084 (CN) 
G06V2201/07 (CN)";"2025-10-24";"2025-10-24";"097394616";
"488";"Laser cladding repair method for flange furnace chassis with long-life structure";"YE JIANQING 
XIN WENKE 
SHI KAILIN 
FAN PENGXU 
LI QIANG";"BAOMEITE SHANGHAI INTELLIGENT ENG CO LTD";"CN121781147A 
CN121781147B";"2026-03-06";"C23C24/10";"C23C24/103 (CN)";"2026-04-03 
2026-05-15";"2026-04-03";"099230960";
"489";"Recovery of components ethylene oxide or alkyl glycols";"SLEVINSKY DAVID EUGENE 
BETTING DARRYL 
PARKER KENNY RANDOLPH 
POLACEK MICHAEL GARY 
TRAPP WILLIAM LEWIS 
WU XIANCHUN";"EASTMAN CHEM CO";"CN114728921A 
CN114728921B";"2019-11-07";"C07C29/88 
C07D301/00 
C07D303/04 
C08G63/16";"C07C29/106 (EP,CN,KR) 
C07C31/202 (KR) 
C07D301/03 (KR) 
C07D301/04 (CN) 
C07D303/04 (EP,CN,KR,US) 
C08G63/16 (EP,CN,KR,US) 
Y02P20/582 (EP) 
C07C29/106, C07C31/20, INV (CN)       
C07C29/106, C07C31/202, INV (EP)      ";"2022-07-08 
2024-09-13";"2021-05-14";"075849133";
"490";"Old community reconstruction carbon accounting research method based on LCA";"SUN BAODI 
ZHONG CHENGHAO 
HAN QING 
TANG JINGCHAO 
CHEN ZHAOHUI 
CHENG DAOXIN 
YAN YUXI";"UNIV QINGDAO TECHNOLOGY";"CN118212106A";"2024-04-03";"G06F17/10 
G06F17/18 
G06Q50/08 
G06Q50/26";"G06F17/10 (CN) 
G06F17/18 (CN) 
G06Q50/08 (CN) 
G06Q50/26 (CN)";"2024-06-18";"2024-06-18";"091454209";
"491";"ENVIRONMENTAL VALUE TRANSACTION SYSTEM, ENVIRONMENTAL VALUE TRANSACTION METHOD, AND PROGRAM";"GOTO KOICHI";"TOSHIBA CORP 
TOSHIBA ENERGY SYSTEM & SOLUTION CORP";"JP2024006408A 
JP7822881B2";"2022-07-01";"G06Q30/06";"";"2024-01-17 
2026-03-03";"2024-01-17";"089539437";
"492";"RECYCLED CONTENT PARAXYLENE FROM RECYCLED CONTENT PYROLYSIS VAPOR";"WU XIANCHUN [US] 
BITTING DARYL [US] 
COLLINS NICK ALLEN [US] 
POLASEK MICHAEL GARY [US] 
SLIVENSKY DAVID EUGENE [US]";"EASTMAN CHEM CO [US]";"US20260035619A1";"2022-08-03";"C10G7/00";"C07C7/04 (EP) 
C10G1/002 (EP) 
C10G1/10 (EP) 
C10G7/00 (EP,US) 
C10G9/36 (EP) 
C10G2300/1003 (US) 
C10G2400/02 (US) 
C10G2400/20 (US) 
C07C7/04, C07C15/08, INV (EP)      ";"2026-02-05";"2024-02-08";"087580104";
"493";"AI AI-BASED LIVE COMMERCE SALES SMART LOGISTICS AND RECYCLING INTEGRATED MANAGEMENT SYSTEM";"YOO HAN YEOL [KR] 
YANG HEE SEONG [KR]";"WOOYOUNGNMFRESH CO LTD [KR]";"KR102943904B1";"2025-08-20";"G06Q10/0639 
G06Q10/083 
G06Q10/0837 
G06Q10/0875 
G06Q10/30 
G06Q30/0226 
G06Q30/0601 
H04N21/2187";"";"2026-03-26";"2026-03-26";"099269048";
"494";"System and method for recovering recoverable material";"YAMIN ALEXANDER 
YAMIN ELIAS";"YAMIN ALEXANDER 
YAMIN ELIAS";"CN118871364A";"2022-03-25";"B65F1/00 
B65F5/00";"G06F16/20 (KR) 
G06F16/23 (KR) 
G06F16/29 (KR) 
G06Q10/0633 (KR) 
G06Q10/0833 (KR) 
G06Q10/08355 (KR) 
G06Q10/30 (EP,KR,US) 
G06Q10/40 (EP,KR,US) 
B65F2210/112 (EP,KR) 
B65F2210/128 (EP,KR) 
B65F2210/144 (EP,KR) 
G06Q10/0833 (US) 
Y02W90/00 (EP)";"2024-10-29";"2023-09-28";"088101566";
"495";"一种回收快递防水袋的设备";"";"";"CN224324269U";"2025-08-12";"B30B9/30 
B65B57/00 
B65B63/02";"";"2026-06-05";"2026-06-05";"099968577";
"496";"APPAREIL ET PROCÉDÉ D'ANALYSE POUR MATÉRIAU INCOHÉRENT";"BELLIO ENRICO [IT] 
CAPPELLINI DAVIDE [IT]";"PIOVAN SPA [IT]";"EP4385700A1 
EP4385700B1";"2022-12-13";"B29B13/02 
B29B13/06 
F26B17/14";"B29B13/02 (EP) 
B29B13/021 (EP) 
B29B13/065 (EP) 
B29B9/16 (EP) 
F26B17/1425 (EP) 
F26B21/35 (EP) 
F26B21/37 (EP) 
F26B21/40 (EP) 
B29B2013/005 (EP) 
F26B2200/08 (EP)";"2024-06-19 
2025-07-23";"2024-06-13";"085381399";
"497";"ÉTIQUETTE SENSIBLE À LA XRF À SIGNATURES MULTIPLES";"ALON HAGGAI [IL] 
BROWNE ZEREN [AU] 
TAL NATALY [IL] 
NACHUM TEHILA [IL] 
SCHAPIRO ILAN [IL] 
KAPLINSKY MOR [IL] 
ZELDICH YEKATERINA [IL] 
PINCHAS BAR [IL] 
SADE HAGIT [IL]";"SECURITY MATTERS LTD [IL]";"WO2023228190A1";"2022-05-26";"C23C16/48 
G01N23/223 
G06K19/04 
G06K19/077";"B42D25/36 (EP) 
B42D25/378 (EP) 
C09K11/616 (EP) 
C09K11/638 (EP) 
C09K11/7704 (EP) 
C09K11/881 (EP) 
G01N23/223 (EP) 
G07D7/06 (EP) 
G01N2223/0766 (EP)";"2023-11-30";"2023-11-30";"088918702";
"498";"Vehicle power battery recovery method and recovery system thereof";"GONG XUEFENG";"GONG XUEFENG";"CN113829942A";"2021-09-27";"B60L50/60 
B60L53/80 
H01M10/54";"B60L50/60 (CN) 
B60L53/80 (CN) 
H01M10/54 (CN) 
Y02T10/70 (EP) 
Y02T10/7072 (EP) 
Y02T10/92 (EP) 
Y02W30/84 (EP)";"2021-12-24";"2021-12-24";"078970623";
"499";"Garbage tracing method and garbage bag authentication method, device and system thereof";"ZHAO BIN 
WANG TIANYI 
JI DAWEN 
LI XIN 
XIAO CHENGBIN 
CHEN YAMING";"EVERBRIGHT ENVIRONMENTAL TECH CHINA CO LTD";"CN112131451A";"2020-08-13";"B65F1/00 
G06F16/953 
G06F16/955 
G06Q50/26";"B65F1/0006 (CN) 
G06F16/953 (CN) 
G06F16/9554 (CN) 
G06Q50/26 (CN)";"2020-12-25";"2020-12-25";"073850945";
"500";"Novel roller pickling device";"GAI QUANHONG 
YIN WEI 
SUN WEN 
PAN YUXI";"DALIAN GEIXIANG HEALTHY FOOD CO LTD";"CN216255255U";"2021-07-26";"A23L17/60 
A23P30/00";"";"2022-04-12";"2022-04-12";"081057978";